{"v":"5.0.4","fr":30,"ip":0,"op":273,"w":290,"h":285,"nm":"cancelled-event","ddd":0,"assets":[],"layers":[{"ddd":0,"ind":1,"ty":4,"nm":"Shape","sr":1,"ks":{"o":{"a":1,"k":[{"i":{"x":[0.56],"y":[1]},"o":{"x":[0.167],"y":[0.333]},"n":["0p56_1_0p167_0p333"],"t":36,"s":[21],"e":[100]},{"t":44}],"ix":11},"r":{"a":0,"k":0,"ix":10},"p":{"a":1,"k":[{"i":{"x":0.32,"y":1},"o":{"x":0.62,"y":0},"n":"0p32_1_0p62_0","t":40,"s":[81.156,93.628,0],"e":[81.156,108.628,0],"to":[0,2.5,0],"ti":[0,-1.5,0]},{"i":{"x":0.32,"y":1},"o":{"x":0.07,"y":0},"n":"0p32_1_0p07_0","t":46,"s":[81.156,108.628,0],"e":[81.156,102.628,0],"to":[0,1.5,0],"ti":[0,1,0]},{"i":{"x":0.32,"y":0.32},"o":{"x":0.07,"y":0.07},"n":"0p32_0p32_0p07_0p07","t":49,"s":[81.156,102.628,0],"e":[81.156,102.628,0],"to":[0,0,0],"ti":[0,0,0]},{"i":{"x":0.32,"y":1},"o":{"x":0.07,"y":0},"n":"0p32_1_0p07_0","t":146,"s":[81.156,102.628,0],"e":[81.156,95.628,0],"to":[0,-1.16666662693024,0],"ti":[0,-1.08333337306976,0]},{"i":{"x":0.32,"y":1},"o":{"x":0.07,"y":0},"n":"0p32_1_0p07_0","t":149,"s":[81.156,95.628,0],"e":[81.156,109.128,0],"to":[0,1.08333337306976,0],"ti":[0,-1.16666662693024,0]},{"i":{"x":0.32,"y":1},"o":{"x":0.07,"y":0},"n":"0p32_1_0p07_0","t":153,"s":[81.156,109.128,0],"e":[81.156,102.628,0],"to":[0,1.16666662693024,0],"ti":[0,1.08333337306976,0]},{"i":{"x":0.32,"y":0.32},"o":{"x":0.167,"y":0.167},"n":"0p32_0p32_0p167_0p167","t":157,"s":[81.156,102.628,0],"e":[81.156,102.628,0],"to":[0,0,0],"ti":[0,0,0]},{"i":{"x":0.32,"y":1},"o":{"x":0.07,"y":0},"n":"0p32_1_0p07_0","t":226,"s":[81.156,102.628,0],"e":[81.156,95.628,0],"to":[0,-1.16666662693024,0],"ti":[0,-1.08333337306976,0]},{"i":{"x":0.32,"y":1},"o":{"x":0.07,"y":0},"n":"0p32_1_0p07_0","t":229,"s":[81.156,95.628,0],"e":[81.156,109.128,0],"to":[0,1.08333337306976,0],"ti":[0,-1.16666662693024,0]},{"i":{"x":0.32,"y":1},"o":{"x":0.07,"y":0},"n":"0p32_1_0p07_0","t":233,"s":[81.156,109.128,0],"e":[81.156,102.628,0],"to":[0,1.16666662693024,0],"ti":[0,1.08333337306976,0]},{"t":237}],"ix":2},"a":{"a":0,"k":[-63.844,-39.872,0],"ix":1},"s":{"a":0,"k":[133,133,100],"ix":6}},"ao":0,"shapes":[{"ty":"gr","it":[{"ind":0,"ty":"sh","ix":1,"ks":{"a":0,"k":{"i":[[0,0],[0.554,0],[1.133,-1.802],[0,0],[0,0]],"o":[[-1.133,-1.802],[-0.554,0],[0,0],[0,0],[0,0]],"v":[[-61.408,-34.465],[-63.939,-37.168],[-66.469,-34.465],[-69,-61.5],[-58.688,-61.5]],"c":true},"ix":2},"nm":"Path","mn":"ADBE Vector Shape - Group","hd":false},{"ind":1,"ty":"sh","ix":2,"ks":{"a":0,"k":{"i":[[0,1.543],[-0.847,1.046],[-1.664,0],[-0.863,-1.046],[0,-1.543],[0.863,-1.012],[1.664,0],[0.847,1.012]],"o":[[0,-1.543],[0.847,-1.046],[1.664,0],[0.863,1.046],[0,1.543],[-0.863,1.012],[-1.664,0],[-0.847,-1.012]],"v":[[-69,-23.592],[-67.729,-27.476],[-63.962,-29.044],[-60.172,-27.476],[-58.877,-23.592],[-60.172,-19.761],[-63.962,-18.243],[-67.729,-19.761]],"c":true},"ix":2},"nm":"Path","mn":"ADBE Vector Shape - Group","hd":false},{"ty":"fl","c":{"a":0,"k":[0.792156875134,0.333333343267,0.341176480055,1],"ix":4},"o":{"a":0,"k":100,"ix":5},"r":2,"nm":"Fill 1","mn":"ADBE Vector Graphic - Fill","hd":false},{"ty":"tr","p":{"a":0,"k":[-63.844,-39.872],"ix":2},"a":{"a":0,"k":[-63.844,-39.872],"ix":1},"s":{"a":0,"k":[100,100],"ix":3},"r":{"a":0,"k":0,"ix":6},"o":{"a":0,"k":100,"ix":7},"sk":{"a":0,"k":0,"ix":4},"sa":{"a":0,"k":0,"ix":5},"nm":"Transform"}],"nm":"Group 1","np":3,"cix":2,"ix":1,"mn":"ADBE Vector Group","hd":false}],"ip":36,"op":248,"st":0,"bm":0},{"ddd":0,"ind":2,"ty":4,"nm":"Oval","sr":1,"ks":{"o":{"a":0,"k":100,"ix":11},"r":{"a":0,"k":0,"ix":10},"p":{"a":0,"k":[82,102,0],"ix":2},"a":{"a":0,"k":[-63,-40.5,0],"ix":1},"s":{"a":0,"k":[135,135,100],"ix":6}},"ao":0,"shapes":[{"ty":"gr","it":[{"ind":0,"ty":"sh","ix":1,"ks":{"a":0,"k":{"i":[[-22.644,0],[0,22.644],[22.644,0],[0,-22.644]],"o":[[22.644,0],[0,-22.644],[-22.644,0],[0,22.644]],"v":[[-63,0.5],[-22,-40.5],[-63,-81.5],[-104,-40.5]],"c":true},"ix":2},"nm":"Path 1","mn":"ADBE Vector Shape - Group","hd":false},{"ty":"st","c":{"a":0,"k":[0.792156875134,0.333333343267,0.341176480055,1],"ix":3},"o":{"a":0,"k":100,"ix":4},"w":{"a":0,"k":1,"ix":5},"lc":1,"lj":1,"ml":10,"nm":"Stroke 1","mn":"ADBE Vector Graphic - Stroke","hd":false},{"ty":"fl","c":{"a":0,"k":[0.984313726425,0.984313726425,0.984313726425,1],"ix":4},"o":{"a":0,"k":100,"ix":5},"r":2,"nm":"Fill 1","mn":"ADBE Vector Graphic - Fill","hd":false},{"ty":"tr","p":{"a":0,"k":[-63,-40.5],"ix":2},"a":{"a":0,"k":[-63,-40.5],"ix":1},"s":{"a":0,"k":[100,100],"ix":3},"r":{"a":0,"k":0,"ix":6},"o":{"a":0,"k":100,"ix":7},"sk":{"a":0,"k":0,"ix":4},"sa":{"a":0,"k":0,"ix":5},"nm":"Transform"}],"nm":"Group 1","np":3,"cix":2,"ix":1,"mn":"ADBE Vector Group","hd":false}],"ip":34,"op":248,"st":0,"bm":0},{"ddd":0,"ind":3,"ty":4,"nm":"Path-2","sr":1,"ks":{"o":{"a":1,"k":[{"i":{"x":[0.833],"y":[0.833]},"o":{"x":[0.167],"y":[0.167]},"n":["0p833_0p833_0p167_0p167"],"t":92,"s":[100],"e":[40]},{"i":{"x":[0.833],"y":[0.833]},"o":{"x":[0.167],"y":[0.167]},"n":["0p833_0p833_0p167_0p167"],"t":103,"s":[40],"e":[40]},{"i":{"x":[0.833],"y":[0.833]},"o":{"x":[0.167],"y":[0.167]},"n":["0p833_0p833_0p167_0p167"],"t":239,"s":[40],"e":[0]},{"t":242}],"ix":11},"r":{"a":0,"k":0,"ix":10},"p":{"a":1,"k":[{"i":{"x":0.833,"y":0.833},"o":{"x":0.167,"y":0.167},"n":"0p833_0p833_0p167_0p167","t":238,"s":[223.15,172.816,0],"e":[223.15,177.816,0],"to":[0,0.83333331346512,0],"ti":[0,-0.83333331346512,0]},{"t":242}],"ix":2},"a":{"a":0,"k":[78.15,30.316,0],"ix":1},"s":{"a":0,"k":[100,100,100],"ix":6}},"ao":0,"shapes":[{"ty":"gr","it":[{"ind":0,"ty":"sh","ix":1,"ks":{"a":0,"k":{"i":[[0,0],[-13.24,-17.415],[36.188,28.246],[13.884,3.793]],"o":[[-19.355,1.776],[9.232,12.144],[-15.136,-11.814],[0,0]],"v":[[89.492,4.991],[58.865,55.734],[96.134,21.552],[63.208,5.651]],"c":false},"ix":2},"nm":"Path 1","mn":"ADBE Vector Shape - Group","hd":false},{"ty":"st","c":{"a":0,"k":[0.584313750267,0.639215707779,0.670588254929,1],"ix":3},"o":{"a":0,"k":100,"ix":4},"w":{"a":0,"k":1,"ix":5},"lc":1,"lj":1,"ml":10,"nm":"Stroke 1","mn":"ADBE Vector Graphic - Stroke","hd":false},{"ty":"tr","p":{"a":0,"k":[81.101,32.283],"ix":2},"a":{"a":0,"k":[81.101,32.283],"ix":1},"s":{"a":0,"k":[100,100],"ix":3},"r":{"a":0,"k":51,"ix":6},"o":{"a":0,"k":100,"ix":7},"sk":{"a":0,"k":0,"ix":4},"sa":{"a":0,"k":0,"ix":5},"nm":"Transform"}],"nm":"Group 1","np":2,"cix":2,"ix":1,"mn":"ADBE Vector Group","hd":false}],"ip":70,"op":244,"st":-4,"bm":0},{"ddd":0,"ind":4,"ty":4,"nm":"Oval-14","parent":6,"sr":1,"ks":{"o":{"a":0,"k":100,"ix":11},"r":{"a":0,"k":0,"ix":10},"p":{"a":1,"k":[{"i":{"x":0.833,"y":0.833},"o":{"x":0.167,"y":0.167},"n":"0p833_0p833_0p167_0p167","t":238,"s":[78.357,19.429,0],"e":[78.357,19.429,0],"to":[0,0,0],"ti":[0,0,0]},{"t":242}],"ix":2},"a":{"a":0,"k":[78.357,19.429,0],"ix":1},"s":{"a":0,"k":[100,100,100],"ix":6}},"ao":0,"shapes":[{"ty":"gr","it":[{"ind":0,"ty":"sh","ix":1,"ks":{"a":0,"k":{"i":[[-1.302,0],[0,1.446],[1.571,2.528],[0,-0.964]],"o":[[1.302,0],[0,-0.964],[-1.571,2.528],[0,1.446]],"v":[[78.357,23.357],[80.714,20.738],[78.357,15.5],[76,20.738]],"c":true},"ix":2},"nm":"Path 1","mn":"ADBE Vector Shape - Group","hd":false},{"ty":"st","c":{"a":0,"k":[0.584313750267,0.639215707779,0.670588254929,1],"ix":3},"o":{"a":0,"k":100,"ix":4},"w":{"a":0,"k":0.5,"ix":5},"lc":1,"lj":1,"ml":10,"nm":"Stroke 1","mn":"ADBE Vector Graphic - Stroke","hd":false},{"ty":"fl","c":{"a":0,"k":[1,0.776470601559,0.376470595598,1],"ix":4},"o":{"a":0,"k":100,"ix":5},"r":1,"nm":"Fill 1","mn":"ADBE Vector Graphic - Fill","hd":false},{"ty":"tr","p":{"a":0,"k":[78.357,19.429],"ix":2},"a":{"a":0,"k":[78.357,19.429],"ix":1},"s":{"a":0,"k":[100,100],"ix":3},"r":{"a":0,"k":0,"ix":6},"o":{"a":0,"k":100,"ix":7},"sk":{"a":0,"k":0,"ix":4},"sa":{"a":0,"k":0,"ix":5},"nm":"Transform"}],"nm":"Group 1","np":3,"cix":2,"ix":1,"mn":"ADBE Vector Group","hd":false}],"ip":55,"op":87,"st":2,"bm":0},{"ddd":0,"ind":5,"ty":4,"nm":"Line-2","parent":6,"sr":1,"ks":{"o":{"a":1,"k":[{"i":{"x":[0.833],"y":[0.833]},"o":{"x":[0.167],"y":[0.167]},"n":["0p833_0p833_0p167_0p167"],"t":92,"s":[100],"e":[40]},{"i":{"x":[0.833],"y":[0.833]},"o":{"x":[0.167],"y":[0.167]},"n":["0p833_0p833_0p167_0p167"],"t":103,"s":[40],"e":[40]},{"i":{"x":[0.833],"y":[0.833]},"o":{"x":[0.167],"y":[0.167]},"n":["0p833_0p833_0p167_0p167"],"t":239,"s":[40],"e":[0]},{"t":242}],"ix":11},"r":{"a":0,"k":0,"ix":10},"p":{"a":1,"k":[{"i":{"x":0.833,"y":0.833},"o":{"x":0.167,"y":0.167},"n":"0p833_0p833_0p167_0p167","t":238,"s":[78.357,25.255,0],"e":[78.357,25.255,0],"to":[0,0,0],"ti":[0,0,0]},{"t":242}],"ix":2},"a":{"a":0,"k":[78.357,25.255,0],"ix":1},"s":{"a":0,"k":[100,100,100],"ix":6}},"ao":0,"shapes":[{"ty":"gr","it":[{"ind":0,"ty":"sh","ix":1,"ks":{"a":0,"k":{"i":[[0,0],[0,0]],"o":[[0,0],[0,0]],"v":[[78.357,24.143],[78.357,26.367]],"c":false},"ix":2},"nm":"Path 1","mn":"ADBE Vector Shape - Group","hd":false},{"ty":"st","c":{"a":0,"k":[0.592156887054,0.592156887054,0.592156887054,1],"ix":3},"o":{"a":0,"k":100,"ix":4},"w":{"a":0,"k":1.5,"ix":5},"lc":3,"lj":1,"ml":10,"nm":"Stroke 1","mn":"ADBE Vector Graphic - Stroke","hd":false},{"ty":"tr","p":{"a":0,"k":[79.143,25.255],"ix":2},"a":{"a":0,"k":[79.143,25.255],"ix":1},"s":{"a":0,"k":[100,100],"ix":3},"r":{"a":0,"k":0,"ix":6},"o":{"a":0,"k":100,"ix":7},"sk":{"a":0,"k":0,"ix":4},"sa":{"a":0,"k":0,"ix":5},"nm":"Transform"}],"nm":"Group 1","np":2,"cix":2,"ix":1,"mn":"ADBE Vector Group","hd":false}],"ip":55,"op":244,"st":2,"bm":0},{"ddd":0,"ind":6,"ty":4,"nm":"Shape","sr":1,"ks":{"o":{"a":1,"k":[{"i":{"x":[0.833],"y":[0.833]},"o":{"x":[0.167],"y":[0.167]},"n":["0p833_0p833_0p167_0p167"],"t":55,"s":[2],"e":[100]},{"i":{"x":[0.833],"y":[0.833]},"o":{"x":[0.167],"y":[0.167]},"n":["0p833_0p833_0p167_0p167"],"t":59,"s":[100],"e":[100]},{"i":{"x":[0.833],"y":[0.833]},"o":{"x":[0.167],"y":[0.167]},"n":["0p833_0p833_0p167_0p167"],"t":92,"s":[100],"e":[40]},{"i":{"x":[0.833],"y":[0.833]},"o":{"x":[0.167],"y":[0.167]},"n":["0p833_0p833_0p167_0p167"],"t":103,"s":[40],"e":[40]},{"i":{"x":[0.833],"y":[0.833]},"o":{"x":[0.167],"y":[0.167]},"n":["0p833_0p833_0p167_0p167"],"t":239,"s":[40],"e":[0]},{"t":242}],"ix":11},"r":{"a":0,"k":0,"ix":10},"p":{"a":1,"k":[{"i":{"x":0.833,"y":0.833},"o":{"x":0.167,"y":0.167},"n":"0p833_0p833_0p167_0p167","t":55,"s":[223.319,186.571,0],"e":[223.319,176.571,0],"to":[0,-1.66666662693024,0],"ti":[0,0.83333331346512,0]},{"i":{"x":0.833,"y":0.833},"o":{"x":0.167,"y":0.167},"n":"0p833_0p833_0p167_0p167","t":59,"s":[223.319,176.571,0],"e":[223.319,181.571,0],"to":[0,-0.83333331346512,0],"ti":[0,-0.83333331346512,0]},{"i":{"x":0.833,"y":0.833},"o":{"x":0.167,"y":0.167},"n":"0p833_0p833_0p167_0p167","t":64,"s":[223.319,181.571,0],"e":[223.319,181.571,0],"to":[0,0,0],"ti":[0,0,0]},{"i":{"x":0.833,"y":0.833},"o":{"x":0.167,"y":0.167},"n":"0p833_0p833_0p167_0p167","t":238,"s":[223.319,181.571,0],"e":[223.319,186.571,0],"to":[0,0.83333331346512,0],"ti":[0,-0.83333331346512,0]},{"t":242}],"ix":2},"a":{"a":0,"k":[78.319,39.071,0],"ix":1},"s":{"a":0,"k":[100,100,100],"ix":6}},"ao":0,"shapes":[{"ty":"gr","it":[{"ind":0,"ty":"sh","ix":1,"ks":{"a":0,"k":{"i":[[0,0],[0,0],[0,0],[0,0],[-0.033,0.209],[0,0],[1.428,0.226],[0.541,-0.356],[0,0],[0,0],[0.74,0],[0.386,-0.561],[0,0],[0,0],[0.749,0],[0.447,-0.496],[0,0],[0,0],[0.773,-0.122],[-0.203,-1.281],[0,0],[0,0]],"o":[[0,0],[0,0],[0,0],[0.08,-0.191],[0,0],[0.226,-1.428],[-0.653,-0.103],[0,0],[0,0],[-0.373,-0.624],[-0.693,0],[0,0],[0,0],[-0.446,-0.585],[-0.68,0],[0,0],[0,0],[-0.53,-0.556],[-1.281,0.203],[0,0],[0,0],[0,0]],"v":[[70.699,46.143],[85.973,46.143],[86.35,43.616],[86.402,43.429],[86.573,42.827],[87.675,35.864],[85.5,32.87],[83.653,33.267],[82.968,33.718],[82.547,33.014],[80.762,32],[79.048,32.902],[78.434,33.796],[77.776,32.934],[75.892,32],[74.132,32.783],[73.564,33.413],[72.979,32.799],[70.91,32.097],[68.958,34.783],[69.743,39.736],[69.744,39.743]],"c":true},"ix":2},"nm":"Path 1","mn":"ADBE Vector Shape - Group","hd":false},{"ty":"st","c":{"a":0,"k":[0.592156887054,0.592156887054,0.592156887054,1],"ix":3},"o":{"a":0,"k":100,"ix":4},"w":{"a":0,"k":1,"ix":5},"lc":1,"lj":1,"ml":10,"nm":"Stroke 1","mn":"ADBE Vector Graphic - Stroke","hd":false},{"ty":"tr","p":{"a":0,"k":[78.319,39.071],"ix":2},"a":{"a":0,"k":[78.319,39.071],"ix":1},"s":{"a":0,"k":[100,100],"ix":3},"r":{"a":0,"k":0,"ix":6},"o":{"a":0,"k":100,"ix":7},"sk":{"a":0,"k":0,"ix":4},"sa":{"a":0,"k":0,"ix":5},"nm":"Transform"}],"nm":"Group 1","np":2,"cix":2,"ix":1,"mn":"ADBE Vector Group","hd":false}],"ip":55,"op":244,"st":14,"bm":0},{"ddd":0,"ind":7,"ty":4,"nm":"path-3","parent":6,"sr":1,"ks":{"o":{"a":1,"k":[{"i":{"x":[0.833],"y":[0.833]},"o":{"x":[0.167],"y":[0.167]},"n":["0p833_0p833_0p167_0p167"],"t":92,"s":[100],"e":[40]},{"i":{"x":[0.833],"y":[0.833]},"o":{"x":[0.167],"y":[0.167]},"n":["0p833_0p833_0p167_0p167"],"t":103,"s":[40],"e":[40]},{"i":{"x":[0.833],"y":[0.833]},"o":{"x":[0.167],"y":[0.167]},"n":["0p833_0p833_0p167_0p167"],"t":239,"s":[40],"e":[0]},{"t":242}],"ix":11},"r":{"a":0,"k":0,"ix":10},"p":{"a":1,"k":[{"i":{"x":0.833,"y":0.833},"o":{"x":0.167,"y":0.167},"n":"0p833_0p833_0p167_0p167","t":238,"s":[78.319,39.071,0],"e":[78.319,39.071,0],"to":[0,0,0],"ti":[0,0,0]},{"t":242}],"ix":2},"a":{"a":0,"k":[78.319,39.071,0],"ix":1},"s":{"a":0,"k":[100,100,100],"ix":6}},"ao":0,"shapes":[{"ty":"gr","it":[{"ind":0,"ty":"sh","ix":1,"ks":{"a":0,"k":{"i":[[0,0],[0,0],[0,0],[0,0],[-0.044,0.275],[0,0],[1.856,0.294],[0.683,-0.449],[1.045,0],[0.516,-0.751],[1.023,0],[0.577,-0.64],[1.058,-0.168],[-0.271,-1.709]],"o":[[0,0],[0,0],[0,0],[0.103,-0.246],[0,0],[0.294,-1.856],[-0.871,-0.138],[-0.5,-0.837],[-0.98,0],[-0.576,-0.755],[-0.93,0],[-0.686,-0.721],[-1.709,0.271],[0,0]],"v":[[68.967,39.859],[70.022,46.929],[86.65,46.929],[87.127,43.732],[87.349,42.95],[88.451,35.987],[85.623,32.094],[83.221,32.611],[80.762,31.214],[78.401,32.457],[75.892,31.214],[73.549,32.257],[70.787,31.321],[68.182,34.906]],"c":true},"ix":2},"nm":"Path 1","mn":"ADBE Vector Shape - Group","hd":false},{"ty":"fl","c":{"a":0,"k":[0.952941179276,0.952941179276,0.952941179276,1],"ix":4},"o":{"a":0,"k":100,"ix":5},"r":2,"nm":"Fill 1","mn":"ADBE Vector Graphic - Fill","hd":false},{"ty":"tr","p":{"a":0,"k":[78.319,39.071],"ix":2},"a":{"a":0,"k":[78.319,39.071],"ix":1},"s":{"a":0,"k":[100,100],"ix":3},"r":{"a":0,"k":0,"ix":6},"o":{"a":0,"k":100,"ix":7},"sk":{"a":0,"k":0,"ix":4},"sa":{"a":0,"k":0,"ix":5},"nm":"Transform"}],"nm":"Group 1","np":2,"cix":2,"ix":1,"mn":"ADBE Vector Group","hd":false}],"ip":55,"op":244,"st":14,"bm":0},{"ddd":0,"ind":8,"ty":4,"nm":"Combined-Shape","parent":6,"sr":1,"ks":{"o":{"a":1,"k":[{"i":{"x":[0.833],"y":[0.833]},"o":{"x":[0.167],"y":[0.167]},"n":["0p833_0p833_0p167_0p167"],"t":92,"s":[100],"e":[40]},{"i":{"x":[0.833],"y":[0.833]},"o":{"x":[0.167],"y":[0.167]},"n":["0p833_0p833_0p167_0p167"],"t":103,"s":[40],"e":[40]},{"i":{"x":[0.833],"y":[0.833]},"o":{"x":[0.167],"y":[0.167]},"n":["0p833_0p833_0p167_0p167"],"t":239,"s":[40],"e":[0]},{"t":242}],"ix":11},"r":{"a":0,"k":0,"ix":10},"p":{"a":1,"k":[{"i":{"x":0.833,"y":0.833},"o":{"x":0.167,"y":0.167},"n":"0p833_0p833_0p167_0p167","t":238,"s":[78.357,30.429,0],"e":[78.357,30.429,0],"to":[0,0,0],"ti":[0,0,0]},{"t":242}],"ix":2},"a":{"a":0,"k":[78.357,30.429,0],"ix":1},"s":{"a":0,"k":[100,100,100],"ix":6}},"ao":0,"shapes":[{"ty":"gr","it":[{"ind":0,"ty":"sh","ix":1,"ks":{"a":0,"k":{"i":[[2.72,-0.37],[0,0.092],[-4.773,0],[0,-4.188],[0.002,-0.065],[2.959,0]],"o":[[-0.004,-0.091],[0,-4.188],[4.773,0],[0,0.066],[-2.564,-0.322],[-3.189,0]],"v":[[69.72,34.357],[69.714,34.084],[78.357,26.5],[87,34.084],[86.997,34.28],[78.655,33.78]],"c":true},"ix":2},"nm":"Path 1","mn":"ADBE Vector Shape - Group","hd":false},{"ty":"st","c":{"a":0,"k":[0.592156887054,0.592156887054,0.592156887054,1],"ix":3},"o":{"a":0,"k":100,"ix":4},"w":{"a":0,"k":1,"ix":5},"lc":1,"lj":1,"ml":10,"nm":"Stroke 1","mn":"ADBE Vector Graphic - Stroke","hd":false},{"ty":"fl","c":{"a":0,"k":[0.611764729023,0.611764729023,0.611764729023,1],"ix":4},"o":{"a":0,"k":100,"ix":5},"r":1,"nm":"Fill 1","mn":"ADBE Vector Graphic - Fill","hd":false},{"ty":"tr","p":{"a":0,"k":[78.357,30.429],"ix":2},"a":{"a":0,"k":[78.357,30.429],"ix":1},"s":{"a":0,"k":[100,100],"ix":3},"r":{"a":0,"k":0,"ix":6},"o":{"a":0,"k":100,"ix":7},"sk":{"a":0,"k":0,"ix":4},"sa":{"a":0,"k":0,"ix":5},"nm":"Transform"}],"nm":"Group 1","np":3,"cix":2,"ix":1,"mn":"ADBE Vector Group","hd":false}],"ip":55,"op":244,"st":14,"bm":0},{"ddd":0,"ind":9,"ty":4,"nm":"Shape","parent":10,"sr":1,"ks":{"o":{"a":1,"k":[{"i":{"x":[0.667],"y":[1]},"o":{"x":[0.333],"y":[0]},"n":["0p667_1_0p333_0"],"t":242,"s":[100],"e":[0]},{"t":246}],"ix":11},"r":{"a":0,"k":0,"ix":10},"p":{"a":1,"k":[{"i":{"x":0.667,"y":0.667},"o":{"x":0.333,"y":0.333},"n":"0p667_0p667_0p333_0p333","t":242,"s":[0,0,0],"e":[0,0,0],"to":[0,0,0],"ti":[0,0,0]},{"t":246}],"ix":2},"a":{"a":0,"k":[0,0,0],"ix":1},"s":{"a":0,"k":[100,100,100],"ix":6}},"ao":0,"shapes":[{"ty":"gr","it":[{"ind":0,"ty":"sh","ix":1,"ks":{"a":0,"k":{"i":[[0,0],[0,-1.301],[0,0],[-1.302,0],[0,0],[0,1.301],[0,0],[1.302,0]],"o":[[-1.302,0],[0,0],[0,1.301],[0,0],[1.302,0],[0,0],[0,-1.301],[0,0]],"v":[[-38.429,-7.189],[-40.786,-4.833],[-40.786,3.265],[-38.429,5.621],[-30.363,5.621],[-28.006,3.265],[-28.006,-4.833],[-30.363,-7.189]],"c":true},"ix":2},"nm":"Path","mn":"ADBE Vector Shape - Group","hd":false},{"ind":1,"ty":"sh","ix":2,"ks":{"a":0,"k":{"i":[[0,0],[0,-1.301],[0,0],[-1.302,0],[0,0],[0,1.301],[0,0],[1.302,0]],"o":[[-1.302,0],[0,0],[0,1.301],[0,0],[1.302,0],[0,0],[0,-1.301],[0,0]],"v":[[-18.097,-7.189],[-20.454,-4.833],[-20.454,3.265],[-18.097,5.621],[-10.032,5.621],[-7.674,3.265],[-7.674,-4.833],[-10.032,-7.189]],"c":true},"ix":2},"nm":"Path","mn":"ADBE Vector Shape - Group","hd":false},{"ind":2,"ty":"sh","ix":3,"ks":{"a":0,"k":{"i":[[0,0],[0,-1.301],[0,0],[-1.302,0],[0,0],[0,1.301],[0,0],[1.302,0]],"o":[[-1.302,0],[0,0],[0,1.301],[0,0],[1.302,0],[0,0],[0,-1.301],[0,0]],"v":[[2.234,-7.189],[-0.123,-4.833],[-0.123,3.265],[2.234,5.621],[10.3,5.621],[12.657,3.265],[12.657,-4.833],[10.3,-7.189]],"c":true},"ix":2},"nm":"Path","mn":"ADBE Vector Shape - Group","hd":false},{"ind":3,"ty":"sh","ix":4,"ks":{"a":0,"k":{"i":[[0,0],[0,-1.301],[0,0],[-1.302,0],[0,0],[0,1.301],[0,0],[1.302,0]],"o":[[-1.302,0],[0,0],[0,1.301],[0,0],[1.302,0],[0,0],[0,-1.301],[0,0]],"v":[[21.369,-7.189],[19.012,-4.833],[19.012,3.265],[21.369,5.621],[29.435,5.621],[31.792,3.265],[31.792,-4.833],[29.435,-7.189]],"c":true},"ix":2},"nm":"Path","mn":"ADBE Vector Shape - Group","hd":false},{"ind":4,"ty":"sh","ix":5,"ks":{"a":0,"k":{"i":[[0,0],[0,-1.301],[0,0],[-1.302,0],[0,0],[0,1.301],[0,0],[1.302,0]],"o":[[-1.302,0],[0,0],[0,1.301],[0,0],[1.302,0],[0,0],[0,-1.301],[0,0]],"v":[[41.7,-7.189],[39.343,-4.833],[39.343,3.265],[41.7,5.621],[49.766,5.621],[52.123,3.265],[52.123,-4.833],[49.766,-7.189]],"c":true},"ix":2},"nm":"Path","mn":"ADBE Vector Shape - Group","hd":false},{"ind":5,"ty":"sh","ix":6,"ks":{"a":0,"k":{"i":[[0,0],[0,-1.301],[0,0],[-1.302,0],[0,0],[0,1.301],[0,0],[1.302,0]],"o":[[-1.302,0],[0,0],[0,1.301],[0,0],[1.302,0],[0,0],[0,-1.301],[0,0]],"v":[[62.032,-7.189],[59.674,-4.833],[59.674,3.265],[62.032,5.621],[70.097,5.621],[72.454,3.265],[72.454,-4.833],[70.097,-7.189]],"c":true},"ix":2},"nm":"Path","mn":"ADBE Vector Shape - Group","hd":false},{"ind":6,"ty":"sh","ix":7,"ks":{"a":0,"k":{"i":[[0,0],[0,-1.301],[0,0],[-1.302,0],[0,0],[0,1.301],[0,0],[1.302,0]],"o":[[-1.302,0],[0,0],[0,1.301],[0,0],[1.302,0],[0,0],[0,-1.301],[0,0]],"v":[[82.363,-7.189],[80.006,-4.833],[80.006,3.265],[82.363,5.621],[90.429,5.621],[92.786,3.265],[92.786,-4.833],[90.429,-7.189]],"c":true},"ix":2},"nm":"Path","mn":"ADBE Vector Shape - Group","hd":false},{"ind":7,"ty":"sh","ix":8,"ks":{"a":0,"k":{"i":[[0,0],[0,-1.301],[0,0],[-1.302,0],[0,0],[0,1.301],[0,0],[1.302,0]],"o":[[-1.302,0],[0,0],[0,1.301],[0,0],[1.302,0],[0,0],[0,-1.301],[0,0]],"v":[[-38.429,11.984],[-40.786,14.339],[-40.786,22.438],[-38.429,24.793],[-30.363,24.793],[-28.006,22.438],[-28.006,14.339],[-30.363,11.984]],"c":true},"ix":2},"nm":"Path","mn":"ADBE Vector Shape - Group","hd":false},{"ind":8,"ty":"sh","ix":9,"ks":{"a":0,"k":{"i":[[0,0],[0,-1.301],[0,0],[-1.302,0],[0,0],[0,1.301],[0,0],[1.302,0]],"o":[[-1.302,0],[0,0],[0,1.301],[0,0],[1.302,0],[0,0],[0,-1.301],[0,0]],"v":[[-18.097,11.984],[-20.454,14.339],[-20.454,22.438],[-18.097,24.793],[-10.032,24.793],[-7.674,22.438],[-7.674,14.339],[-10.032,11.984]],"c":true},"ix":2},"nm":"Path","mn":"ADBE Vector Shape - Group","hd":false},{"ind":9,"ty":"sh","ix":10,"ks":{"a":0,"k":{"i":[[0,0],[0,-1.301],[0,0],[-1.302,0],[0,0],[0,1.301],[0,0],[1.302,0]],"o":[[-1.302,0],[0,0],[0,1.301],[0,0],[1.302,0],[0,0],[0,-1.301],[0,0]],"v":[[2.234,11.984],[-0.123,14.339],[-0.123,22.438],[2.234,24.793],[10.3,24.793],[12.657,22.438],[12.657,14.339],[10.3,11.984]],"c":true},"ix":2},"nm":"Path","mn":"ADBE Vector Shape - Group","hd":false},{"ind":10,"ty":"sh","ix":11,"ks":{"a":0,"k":{"i":[[0,0],[0,-1.301],[0,0],[-1.302,0],[0,0],[0,1.301],[0,0],[1.302,0]],"o":[[-1.302,0],[0,0],[0,1.301],[0,0],[1.302,0],[0,0],[0,-1.301],[0,0]],"v":[[21.369,11.984],[19.012,14.339],[19.012,22.438],[21.369,24.793],[29.435,24.793],[31.792,22.438],[31.792,14.339],[29.435,11.984]],"c":true},"ix":2},"nm":"Path","mn":"ADBE Vector Shape - Group","hd":false},{"ind":11,"ty":"sh","ix":12,"ks":{"a":0,"k":{"i":[[0,0],[0,-1.301],[0,0],[-1.302,0],[0,0],[0,1.301],[0,0],[1.302,0]],"o":[[-1.302,0],[0,0],[0,1.301],[0,0],[1.302,0],[0,0],[0,-1.301],[0,0]],"v":[[41.7,11.984],[39.343,14.339],[39.343,22.438],[41.7,24.793],[49.766,24.793],[52.123,22.438],[52.123,14.339],[49.766,11.984]],"c":true},"ix":2},"nm":"Path","mn":"ADBE Vector Shape - Group","hd":false},{"ind":12,"ty":"sh","ix":13,"ks":{"a":0,"k":{"i":[[0,0],[0,-1.301],[0,0],[-1.302,0],[0,0],[0,1.301],[0,0],[1.302,0]],"o":[[-1.302,0],[0,0],[0,1.301],[0,0],[1.302,0],[0,0],[0,-1.301],[0,0]],"v":[[-38.429,31.157],[-40.786,33.512],[-40.786,41.611],[-38.429,43.966],[-30.363,43.966],[-28.006,41.611],[-28.006,33.512],[-30.363,31.157]],"c":true},"ix":2},"nm":"Path","mn":"ADBE Vector Shape - Group","hd":false},{"ind":13,"ty":"sh","ix":14,"ks":{"a":0,"k":{"i":[[0,0],[0,-1.301],[0,0],[-1.302,0],[0,0],[0,1.301],[0,0],[1.302,0]],"o":[[-1.302,0],[0,0],[0,1.301],[0,0],[1.302,0],[0,0],[0,-1.301],[0,0]],"v":[[-18.097,31.157],[-20.454,33.512],[-20.454,41.611],[-18.097,43.966],[-10.032,43.966],[-7.674,41.611],[-7.674,33.512],[-10.032,31.157]],"c":true},"ix":2},"nm":"Path","mn":"ADBE Vector Shape - Group","hd":false},{"ind":14,"ty":"sh","ix":15,"ks":{"a":0,"k":{"i":[[0,0],[0,-1.301],[0,0],[-1.302,0],[0,0],[0,1.301],[0,0],[1.302,0]],"o":[[-1.302,0],[0,0],[0,1.301],[0,0],[1.302,0],[0,0],[0,-1.301],[0,0]],"v":[[2.234,31.157],[-0.123,33.512],[-0.123,41.611],[2.234,43.966],[10.3,43.966],[12.657,41.611],[12.657,33.512],[10.3,31.157]],"c":true},"ix":2},"nm":"Path","mn":"ADBE Vector Shape - Group","hd":false},{"ind":15,"ty":"sh","ix":16,"ks":{"a":0,"k":{"i":[[0,0],[0,-1.301],[0,0],[-1.302,0],[0,0],[0,1.301],[0,0],[1.302,0]],"o":[[-1.302,0],[0,0],[0,1.301],[0,0],[1.302,0],[0,0],[0,-1.301],[0,0]],"v":[[21.369,31.157],[19.012,33.512],[19.012,41.611],[21.369,43.966],[29.435,43.966],[31.792,41.611],[31.792,33.512],[29.435,31.157]],"c":true},"ix":2},"nm":"Path","mn":"ADBE Vector Shape - Group","hd":false},{"ind":16,"ty":"sh","ix":17,"ks":{"a":0,"k":{"i":[[0,0],[0,-1.301],[0,0],[-1.302,0],[0,0],[0,1.301],[0,0],[1.302,0]],"o":[[-1.302,0],[0,0],[0,1.301],[0,0],[1.302,0],[0,0],[0,-1.301],[0,0]],"v":[[41.7,31.157],[39.343,33.512],[39.343,41.611],[41.7,43.966],[49.766,43.966],[52.123,41.611],[52.123,33.512],[49.766,31.157]],"c":true},"ix":2},"nm":"Path","mn":"ADBE Vector Shape - Group","hd":false},{"ind":17,"ty":"sh","ix":18,"ks":{"a":0,"k":{"i":[[0,0],[0,-1.301],[0,0],[-1.302,0],[0,0],[0,1.301],[0,0],[1.302,0]],"o":[[-1.302,0],[0,0],[0,1.301],[0,0],[1.302,0],[0,0],[0,-1.301],[0,0]],"v":[[-38.429,50.329],[-40.786,52.685],[-40.786,60.783],[-38.429,63.139],[-30.363,63.139],[-28.006,60.783],[-28.006,52.685],[-30.363,50.329]],"c":true},"ix":2},"nm":"Path","mn":"ADBE Vector Shape - Group","hd":false},{"ind":18,"ty":"sh","ix":19,"ks":{"a":0,"k":{"i":[[0,0],[0,-1.301],[0,0],[-1.302,0],[0,0],[0,1.301],[0,0],[1.302,0]],"o":[[-1.302,0],[0,0],[0,1.301],[0,0],[1.302,0],[0,0],[0,-1.301],[0,0]],"v":[[-18.097,50.329],[-20.454,52.685],[-20.454,60.783],[-18.097,63.139],[-10.032,63.139],[-7.674,60.783],[-7.674,52.685],[-10.032,50.329]],"c":true},"ix":2},"nm":"Path","mn":"ADBE Vector Shape - Group","hd":false},{"ind":19,"ty":"sh","ix":20,"ks":{"a":0,"k":{"i":[[0,0],[0,-1.301],[0,0],[-1.302,0],[0,0],[0,1.301],[0,0],[1.302,0]],"o":[[-1.302,0],[0,0],[0,1.301],[0,0],[1.302,0],[0,0],[0,-1.301],[0,0]],"v":[[2.234,50.329],[-0.123,52.685],[-0.123,60.783],[2.234,63.139],[10.3,63.139],[12.657,60.783],[12.657,52.685],[10.3,50.329]],"c":true},"ix":2},"nm":"Path","mn":"ADBE Vector Shape - Group","hd":false},{"ind":20,"ty":"sh","ix":21,"ks":{"a":0,"k":{"i":[[0,0],[0,-1.301],[0,0],[-1.302,0],[0,0],[0,1.301],[0,0],[1.302,0]],"o":[[-1.302,0],[0,0],[0,1.301],[0,0],[1.302,0],[0,0],[0,-1.301],[0,0]],"v":[[21.369,50.329],[19.012,52.685],[19.012,60.783],[21.369,63.139],[29.435,63.139],[31.792,60.783],[31.792,52.685],[29.435,50.329]],"c":true},"ix":2},"nm":"Path","mn":"ADBE Vector Shape - Group","hd":false},{"ind":21,"ty":"sh","ix":22,"ks":{"a":0,"k":{"i":[[0,0],[0,-1.301],[0,0],[-1.302,0],[0,0],[0,1.301],[0,0],[1.302,0]],"o":[[-1.302,0],[0,0],[0,1.301],[0,0],[1.302,0],[0,0],[0,-1.301],[0,0]],"v":[[41.7,50.329],[39.343,52.685],[39.343,60.783],[41.7,63.139],[49.766,63.139],[52.123,60.783],[52.123,52.685],[49.766,50.329]],"c":true},"ix":2},"nm":"Path","mn":"ADBE Vector Shape - Group","hd":false},{"ind":22,"ty":"sh","ix":23,"ks":{"a":0,"k":{"i":[[0,0],[0,-1.301],[0,0],[-1.302,0],[0,0],[0,1.301],[0,0],[1.302,0]],"o":[[-1.302,0],[0,0],[0,1.301],[0,0],[1.302,0],[0,0],[0,-1.301],[0,0]],"v":[[-38.429,69.502],[-40.786,71.857],[-40.786,79.956],[-38.429,82.311],[-30.363,82.311],[-28.006,79.956],[-28.006,71.857],[-30.363,69.502]],"c":true},"ix":2},"nm":"Path","mn":"ADBE Vector Shape - Group","hd":false},{"ind":23,"ty":"sh","ix":24,"ks":{"a":0,"k":{"i":[[0,0],[0,-1.301],[0,0],[-1.302,0],[0,0],[0,1.301],[0,0],[1.302,0]],"o":[[-1.302,0],[0,0],[0,1.301],[0,0],[1.302,0],[0,0],[0,-1.301],[0,0]],"v":[[-18.097,69.502],[-20.454,71.857],[-20.454,79.956],[-18.097,82.311],[-10.032,82.311],[-7.674,79.956],[-7.674,71.857],[-10.032,69.502]],"c":true},"ix":2},"nm":"Path","mn":"ADBE Vector Shape - Group","hd":false},{"ind":24,"ty":"sh","ix":25,"ks":{"a":0,"k":{"i":[[0,0],[0,-1.301],[0,0],[-1.302,0],[0,0],[0,1.301],[0,0],[1.302,0]],"o":[[-1.302,0],[0,0],[0,1.301],[0,0],[1.302,0],[0,0],[0,-1.301],[0,0]],"v":[[2.234,69.502],[-0.123,71.857],[-0.123,79.956],[2.234,82.311],[10.3,82.311],[12.657,79.956],[12.657,71.857],[10.3,69.502]],"c":true},"ix":2},"nm":"Path","mn":"ADBE Vector Shape - Group","hd":false},{"ind":25,"ty":"sh","ix":26,"ks":{"a":0,"k":{"i":[[0,0],[0,-1.301],[0,0],[-1.302,0],[0,0],[0,1.301],[0,0],[1.302,0]],"o":[[-1.302,0],[0,0],[0,1.301],[0,0],[1.302,0],[0,0],[0,-1.301],[0,0]],"v":[[21.369,69.502],[19.012,71.857],[19.012,79.956],[21.369,82.311],[29.435,82.311],[31.792,79.956],[31.792,71.857],[29.435,69.502]],"c":true},"ix":2},"nm":"Path","mn":"ADBE Vector Shape - Group","hd":false},{"ind":26,"ty":"sh","ix":27,"ks":{"a":0,"k":{"i":[[0,0],[0,-1.301],[0,0],[-1.302,0],[0,0],[0,1.301],[0,0],[1.302,0]],"o":[[-1.302,0],[0,0],[0,1.301],[0,0],[1.302,0],[0,0],[0,-1.301],[0,0]],"v":[[62.032,69.502],[59.674,71.857],[59.674,79.956],[62.032,82.311],[70.097,82.311],[72.454,79.956],[72.454,71.857],[70.097,69.502]],"c":true},"ix":2},"nm":"Path","mn":"ADBE Vector Shape - Group","hd":false},{"ind":27,"ty":"sh","ix":28,"ks":{"a":0,"k":{"i":[[0,0],[0,-1.301],[0,0],[-1.302,0],[0,0],[0,1.301],[0,0],[1.302,0]],"o":[[-1.302,0],[0,0],[0,1.301],[0,0],[1.302,0],[0,0],[0,-1.301],[0,0]],"v":[[82.363,69.502],[80.006,71.857],[80.006,79.956],[82.363,82.311],[90.429,82.311],[92.786,79.956],[92.786,71.857],[90.429,69.502]],"c":true},"ix":2},"nm":"Path","mn":"ADBE Vector Shape - Group","hd":false},{"ty":"st","c":{"a":0,"k":[0.909803926945,0.909803926945,0.909803926945,1],"ix":3},"o":{"a":0,"k":100,"ix":4},"w":{"a":0,"k":1,"ix":5},"lc":1,"lj":1,"ml":10,"nm":"Stroke 1","mn":"ADBE Vector Graphic - Stroke","hd":false},{"ty":"tr","p":{"a":0,"k":[26,37.561],"ix":2},"a":{"a":0,"k":[26,37.561],"ix":1},"s":{"a":0,"k":[100,100],"ix":3},"r":{"a":0,"k":0,"ix":6},"o":{"a":0,"k":100,"ix":7},"sk":{"a":0,"k":0,"ix":4},"sa":{"a":0,"k":0,"ix":5},"nm":"Transform"}],"nm":"Group 1","np":29,"cix":2,"ix":1,"mn":"ADBE Vector Group","hd":false},{"ty":"tm","s":{"a":0,"k":0,"ix":1},"e":{"a":0,"k":100,"ix":2},"o":{"a":0,"k":0,"ix":3},"m":1,"ix":2,"nm":"Trim Paths 1","mn":"ADBE Vector Filter - Trim","hd":false}],"ip":30,"op":247,"st":-6,"bm":0},{"ddd":0,"ind":10,"ty":4,"nm":"path-2","sr":1,"ks":{"o":{"a":1,"k":[{"i":{"x":[0.667],"y":[1]},"o":{"x":[0.333],"y":[0]},"n":["0p667_1_0p333_0"],"t":242,"s":[100],"e":[0]},{"t":246}],"ix":11},"r":{"a":0,"k":0,"ix":10},"p":{"a":1,"k":[{"i":{"x":0.667,"y":1},"o":{"x":0.333,"y":0},"n":"0p667_1_0p333_0","t":242,"s":[145,142.5,0],"e":[145,152.5,0],"to":[0,1.66666662693024,0],"ti":[0,-1.66666662693024,0]},{"t":246}],"ix":2},"a":{"a":0,"k":[0,0,0],"ix":1},"s":{"a":0,"k":[100,100,100],"ix":6}},"ao":0,"shapes":[{"ty":"gr","it":[{"ind":0,"ty":"sh","ix":1,"ks":{"a":0,"k":{"i":[[-1.736,0],[0,0],[0,-1.734],[0,0],[1.736,0],[0,0],[0,1.734],[0,0]],"o":[[0,0],[1.736,0],[0,0],[0,1.734],[0,0],[-1.736,0],[0,0],[0,-1.734]],"v":[[-38.429,-7.974],[-30.363,-7.974],[-27.22,-4.833],[-27.22,3.265],[-30.363,6.406],[-38.429,6.406],[-41.571,3.265],[-41.571,-4.833]],"c":true},"ix":2},"nm":"path-2-path","mn":"ADBE Vector Shape - Group","hd":false},{"ind":1,"ty":"sh","ix":2,"ks":{"a":0,"k":{"i":[[-1.736,0],[0,0],[0,-1.734],[0,0],[1.736,0],[0,0],[0,1.734],[0,0]],"o":[[0,0],[1.736,0],[0,0],[0,1.734],[0,0],[-1.736,0],[0,0],[0,-1.734]],"v":[[-18.097,-7.974],[-10.032,-7.974],[-6.889,-4.833],[-6.889,3.265],[-10.032,6.406],[-18.097,6.406],[-21.24,3.265],[-21.24,-4.833]],"c":true},"ix":2},"nm":"path-2-path","mn":"ADBE Vector Shape - Group","hd":false},{"ind":2,"ty":"sh","ix":3,"ks":{"a":0,"k":{"i":[[-1.736,0],[0,0],[0,-1.734],[0,0],[1.736,0],[0,0],[0,1.734],[0,0]],"o":[[0,0],[1.736,0],[0,0],[0,1.734],[0,0],[-1.736,0],[0,0],[0,-1.734]],"v":[[2.234,-7.974],[10.3,-7.974],[13.442,-4.833],[13.442,3.265],[10.3,6.406],[2.234,6.406],[-0.909,3.265],[-0.909,-4.833]],"c":true},"ix":2},"nm":"path-2-path","mn":"ADBE Vector Shape - Group","hd":false},{"ind":3,"ty":"sh","ix":4,"ks":{"a":0,"k":{"i":[[-1.736,0],[0,0],[0,-1.734],[0,0],[1.736,0],[0,0],[0,1.734],[0,0]],"o":[[0,0],[1.736,0],[0,0],[0,1.734],[0,0],[-1.736,0],[0,0],[0,-1.734]],"v":[[21.369,-7.974],[29.435,-7.974],[32.578,-4.833],[32.578,3.265],[29.435,6.406],[21.369,6.406],[18.226,3.265],[18.226,-4.833]],"c":true},"ix":2},"nm":"path-2-path","mn":"ADBE Vector Shape - Group","hd":false},{"ind":4,"ty":"sh","ix":5,"ks":{"a":0,"k":{"i":[[-1.736,0],[0,0],[0,-1.734],[0,0],[1.736,0],[0,0],[0,1.734],[0,0]],"o":[[0,0],[1.736,0],[0,0],[0,1.734],[0,0],[-1.736,0],[0,0],[0,-1.734]],"v":[[41.7,-7.974],[49.766,-7.974],[52.909,-4.833],[52.909,3.265],[49.766,6.406],[41.7,6.406],[38.558,3.265],[38.558,-4.833]],"c":true},"ix":2},"nm":"path-2-path","mn":"ADBE Vector Shape - Group","hd":false},{"ind":5,"ty":"sh","ix":6,"ks":{"a":0,"k":{"i":[[-1.736,0],[0,0],[0,-1.734],[0,0],[1.736,0],[0,0],[0,1.734],[0,0]],"o":[[0,0],[1.736,0],[0,0],[0,1.734],[0,0],[-1.736,0],[0,0],[0,-1.734]],"v":[[62.032,-7.974],[70.097,-7.974],[73.24,-4.833],[73.24,3.265],[70.097,6.406],[62.032,6.406],[58.889,3.265],[58.889,-4.833]],"c":true},"ix":2},"nm":"path-2-path","mn":"ADBE Vector Shape - Group","hd":false},{"ind":6,"ty":"sh","ix":7,"ks":{"a":0,"k":{"i":[[-1.736,0],[0,0],[0,-1.734],[0,0],[1.736,0],[0,0],[0,1.734],[0,0]],"o":[[0,0],[1.736,0],[0,0],[0,1.734],[0,0],[-1.736,0],[0,0],[0,-1.734]],"v":[[82.363,-7.974],[90.429,-7.974],[93.571,-4.833],[93.571,3.265],[90.429,6.406],[82.363,6.406],[79.22,3.265],[79.22,-4.833]],"c":true},"ix":2},"nm":"path-2-path","mn":"ADBE Vector Shape - Group","hd":false},{"ind":7,"ty":"sh","ix":8,"ks":{"a":0,"k":{"i":[[-1.736,0],[0,0],[0,-1.734],[0,0],[1.736,0],[0,0],[0,1.734],[0,0]],"o":[[0,0],[1.736,0],[0,0],[0,1.734],[0,0],[-1.736,0],[0,0],[0,-1.734]],"v":[[-38.429,11.199],[-30.363,11.199],[-27.22,14.339],[-27.22,22.438],[-30.363,25.578],[-38.429,25.578],[-41.571,22.438],[-41.571,14.339]],"c":true},"ix":2},"nm":"path-2-path","mn":"ADBE Vector Shape - Group","hd":false},{"ind":8,"ty":"sh","ix":9,"ks":{"a":0,"k":{"i":[[-1.736,0],[0,0],[0,-1.734],[0,0],[1.736,0],[0,0],[0,1.734],[0,0]],"o":[[0,0],[1.736,0],[0,0],[0,1.734],[0,0],[-1.736,0],[0,0],[0,-1.734]],"v":[[-18.097,11.199],[-10.032,11.199],[-6.889,14.339],[-6.889,22.438],[-10.032,25.578],[-18.097,25.578],[-21.24,22.438],[-21.24,14.339]],"c":true},"ix":2},"nm":"path-2-path","mn":"ADBE Vector Shape - Group","hd":false},{"ind":9,"ty":"sh","ix":10,"ks":{"a":0,"k":{"i":[[-1.736,0],[0,0],[0,-1.734],[0,0],[1.736,0],[0,0],[0,1.734],[0,0]],"o":[[0,0],[1.736,0],[0,0],[0,1.734],[0,0],[-1.736,0],[0,0],[0,-1.734]],"v":[[2.234,11.199],[10.3,11.199],[13.442,14.339],[13.442,22.438],[10.3,25.578],[2.234,25.578],[-0.909,22.438],[-0.909,14.339]],"c":true},"ix":2},"nm":"path-2-path","mn":"ADBE Vector Shape - Group","hd":false},{"ind":10,"ty":"sh","ix":11,"ks":{"a":0,"k":{"i":[[-1.736,0],[0,0],[0,-1.734],[0,0],[1.736,0],[0,0],[0,1.734],[0,0]],"o":[[0,0],[1.736,0],[0,0],[0,1.734],[0,0],[-1.736,0],[0,0],[0,-1.734]],"v":[[21.369,11.199],[29.435,11.199],[32.578,14.339],[32.578,22.438],[29.435,25.578],[21.369,25.578],[18.226,22.438],[18.226,14.339]],"c":true},"ix":2},"nm":"path-2-path","mn":"ADBE Vector Shape - Group","hd":false},{"ind":11,"ty":"sh","ix":12,"ks":{"a":0,"k":{"i":[[-1.736,0],[0,0],[0,-1.734],[0,0],[1.736,0],[0,0],[0,1.734],[0,0]],"o":[[0,0],[1.736,0],[0,0],[0,1.734],[0,0],[-1.736,0],[0,0],[0,-1.734]],"v":[[41.7,11.199],[49.766,11.199],[52.909,14.339],[52.909,22.438],[49.766,25.578],[41.7,25.578],[38.558,22.438],[38.558,14.339]],"c":true},"ix":2},"nm":"path-2-path","mn":"ADBE Vector Shape - Group","hd":false},{"ind":12,"ty":"sh","ix":13,"ks":{"a":0,"k":{"i":[[-1.736,0],[0,0],[0,-1.734],[0,0],[1.736,0],[0,0],[0,1.734],[0,0]],"o":[[0,0],[1.736,0],[0,0],[0,1.734],[0,0],[-1.736,0],[0,0],[0,-1.734]],"v":[[-38.429,30.372],[-30.363,30.372],[-27.22,33.512],[-27.22,41.611],[-30.363,44.751],[-38.429,44.751],[-41.571,41.611],[-41.571,33.512]],"c":true},"ix":2},"nm":"path-2-path","mn":"ADBE Vector Shape - Group","hd":false},{"ind":13,"ty":"sh","ix":14,"ks":{"a":0,"k":{"i":[[-1.736,0],[0,0],[0,-1.734],[0,0],[1.736,0],[0,0],[0,1.734],[0,0]],"o":[[0,0],[1.736,0],[0,0],[0,1.734],[0,0],[-1.736,0],[0,0],[0,-1.734]],"v":[[-18.097,30.372],[-10.032,30.372],[-6.889,33.512],[-6.889,41.611],[-10.032,44.751],[-18.097,44.751],[-21.24,41.611],[-21.24,33.512]],"c":true},"ix":2},"nm":"path-2-path","mn":"ADBE Vector Shape - Group","hd":false},{"ind":14,"ty":"sh","ix":15,"ks":{"a":0,"k":{"i":[[-1.736,0],[0,0],[0,-1.734],[0,0],[1.736,0],[0,0],[0,1.734],[0,0]],"o":[[0,0],[1.736,0],[0,0],[0,1.734],[0,0],[-1.736,0],[0,0],[0,-1.734]],"v":[[2.234,30.372],[10.3,30.372],[13.442,33.512],[13.442,41.611],[10.3,44.751],[2.234,44.751],[-0.909,41.611],[-0.909,33.512]],"c":true},"ix":2},"nm":"path-2-path","mn":"ADBE Vector Shape - Group","hd":false},{"ind":15,"ty":"sh","ix":16,"ks":{"a":0,"k":{"i":[[-1.736,0],[0,0],[0,-1.734],[0,0],[1.736,0],[0,0],[0,1.734],[0,0]],"o":[[0,0],[1.736,0],[0,0],[0,1.734],[0,0],[-1.736,0],[0,0],[0,-1.734]],"v":[[21.369,30.372],[29.435,30.372],[32.578,33.512],[32.578,41.611],[29.435,44.751],[21.369,44.751],[18.226,41.611],[18.226,33.512]],"c":true},"ix":2},"nm":"path-2-path","mn":"ADBE Vector Shape - Group","hd":false},{"ind":16,"ty":"sh","ix":17,"ks":{"a":0,"k":{"i":[[-1.736,0],[0,0],[0,-1.734],[0,0],[1.736,0],[0,0],[0,1.734],[0,0]],"o":[[0,0],[1.736,0],[0,0],[0,1.734],[0,0],[-1.736,0],[0,0],[0,-1.734]],"v":[[41.7,30.372],[49.766,30.372],[52.909,33.512],[52.909,41.611],[49.766,44.751],[41.7,44.751],[38.558,41.611],[38.558,33.512]],"c":true},"ix":2},"nm":"path-2-path","mn":"ADBE Vector Shape - Group","hd":false},{"ind":17,"ty":"sh","ix":18,"ks":{"a":0,"k":{"i":[[-1.736,0],[0,0],[0,-1.734],[0,0],[1.736,0],[0,0],[0,1.734],[0,0]],"o":[[0,0],[1.736,0],[0,0],[0,1.734],[0,0],[-1.736,0],[0,0],[0,-1.734]],"v":[[-38.429,49.544],[-30.363,49.544],[-27.22,52.685],[-27.22,60.783],[-30.363,63.924],[-38.429,63.924],[-41.571,60.783],[-41.571,52.685]],"c":true},"ix":2},"nm":"path-2-path","mn":"ADBE Vector Shape - Group","hd":false},{"ind":18,"ty":"sh","ix":19,"ks":{"a":0,"k":{"i":[[-1.736,0],[0,0],[0,-1.734],[0,0],[1.736,0],[0,0],[0,1.734],[0,0]],"o":[[0,0],[1.736,0],[0,0],[0,1.734],[0,0],[-1.736,0],[0,0],[0,-1.734]],"v":[[-18.097,49.544],[-10.032,49.544],[-6.889,52.685],[-6.889,60.783],[-10.032,63.924],[-18.097,63.924],[-21.24,60.783],[-21.24,52.685]],"c":true},"ix":2},"nm":"path-2-path","mn":"ADBE Vector Shape - Group","hd":false},{"ind":19,"ty":"sh","ix":20,"ks":{"a":0,"k":{"i":[[-1.736,0],[0,0],[0,-1.734],[0,0],[1.736,0],[0,0],[0,1.734],[0,0]],"o":[[0,0],[1.736,0],[0,0],[0,1.734],[0,0],[-1.736,0],[0,0],[0,-1.734]],"v":[[2.234,49.544],[10.3,49.544],[13.442,52.685],[13.442,60.783],[10.3,63.924],[2.234,63.924],[-0.909,60.783],[-0.909,52.685]],"c":true},"ix":2},"nm":"path-2-path","mn":"ADBE Vector Shape - Group","hd":false},{"ind":20,"ty":"sh","ix":21,"ks":{"a":0,"k":{"i":[[-1.736,0],[0,0],[0,-1.734],[0,0],[1.736,0],[0,0],[0,1.734],[0,0]],"o":[[0,0],[1.736,0],[0,0],[0,1.734],[0,0],[-1.736,0],[0,0],[0,-1.734]],"v":[[21.369,49.544],[29.435,49.544],[32.578,52.685],[32.578,60.783],[29.435,63.924],[21.369,63.924],[18.226,60.783],[18.226,52.685]],"c":true},"ix":2},"nm":"path-2-path","mn":"ADBE Vector Shape - Group","hd":false},{"ind":21,"ty":"sh","ix":22,"ks":{"a":0,"k":{"i":[[-1.736,0],[0,0],[0,-1.734],[0,0],[1.736,0],[0,0],[0,1.734],[0,0]],"o":[[0,0],[1.736,0],[0,0],[0,1.734],[0,0],[-1.736,0],[0,0],[0,-1.734]],"v":[[41.7,49.544],[49.766,49.544],[52.909,52.685],[52.909,60.783],[49.766,63.924],[41.7,63.924],[38.558,60.783],[38.558,52.685]],"c":true},"ix":2},"nm":"path-2-path","mn":"ADBE Vector Shape - Group","hd":false},{"ind":22,"ty":"sh","ix":23,"ks":{"a":0,"k":{"i":[[-1.736,0],[0,0],[0,-1.734],[0,0],[1.736,0],[0,0],[0,1.734],[0,0]],"o":[[0,0],[1.736,0],[0,0],[0,1.734],[0,0],[-1.736,0],[0,0],[0,-1.734]],"v":[[-38.429,68.717],[-30.363,68.717],[-27.22,71.857],[-27.22,79.956],[-30.363,83.096],[-38.429,83.096],[-41.571,79.956],[-41.571,71.857]],"c":true},"ix":2},"nm":"path-2-path","mn":"ADBE Vector Shape - Group","hd":false},{"ind":23,"ty":"sh","ix":24,"ks":{"a":0,"k":{"i":[[-1.736,0],[0,0],[0,-1.734],[0,0],[1.736,0],[0,0],[0,1.734],[0,0]],"o":[[0,0],[1.736,0],[0,0],[0,1.734],[0,0],[-1.736,0],[0,0],[0,-1.734]],"v":[[-18.097,68.717],[-10.032,68.717],[-6.889,71.857],[-6.889,79.956],[-10.032,83.096],[-18.097,83.096],[-21.24,79.956],[-21.24,71.857]],"c":true},"ix":2},"nm":"path-2-path","mn":"ADBE Vector Shape - Group","hd":false},{"ind":24,"ty":"sh","ix":25,"ks":{"a":0,"k":{"i":[[-1.736,0],[0,0],[0,-1.734],[0,0],[1.736,0],[0,0],[0,1.734],[0,0]],"o":[[0,0],[1.736,0],[0,0],[0,1.734],[0,0],[-1.736,0],[0,0],[0,-1.734]],"v":[[2.234,68.717],[10.3,68.717],[13.442,71.857],[13.442,79.956],[10.3,83.096],[2.234,83.096],[-0.909,79.956],[-0.909,71.857]],"c":true},"ix":2},"nm":"path-2-path","mn":"ADBE Vector Shape - Group","hd":false},{"ind":25,"ty":"sh","ix":26,"ks":{"a":0,"k":{"i":[[-1.736,0],[0,0],[0,-1.734],[0,0],[1.736,0],[0,0],[0,1.734],[0,0]],"o":[[0,0],[1.736,0],[0,0],[0,1.734],[0,0],[-1.736,0],[0,0],[0,-1.734]],"v":[[21.369,68.717],[29.435,68.717],[32.578,71.857],[32.578,79.956],[29.435,83.096],[21.369,83.096],[18.226,79.956],[18.226,71.857]],"c":true},"ix":2},"nm":"path-2-path","mn":"ADBE Vector Shape - Group","hd":false},{"ind":26,"ty":"sh","ix":27,"ks":{"a":0,"k":{"i":[[-1.736,0],[0,0],[0,-1.734],[0,0],[1.736,0],[0,0],[0,1.734],[0,0]],"o":[[0,0],[1.736,0],[0,0],[0,1.734],[0,0],[-1.736,0],[0,0],[0,-1.734]],"v":[[62.032,68.717],[70.097,68.717],[73.24,71.857],[73.24,79.956],[70.097,83.096],[62.032,83.096],[58.889,79.956],[58.889,71.857]],"c":true},"ix":2},"nm":"path-2-path","mn":"ADBE Vector Shape - Group","hd":false},{"ind":27,"ty":"sh","ix":28,"ks":{"a":0,"k":{"i":[[-1.736,0],[0,0],[0,-1.734],[0,0],[1.736,0],[0,0],[0,1.734],[0,0]],"o":[[0,0],[1.736,0],[0,0],[0,1.734],[0,0],[-1.736,0],[0,0],[0,-1.734]],"v":[[82.363,68.717],[90.429,68.717],[93.571,71.857],[93.571,79.956],[90.429,83.096],[82.363,83.096],[79.22,79.956],[79.22,71.857]],"c":true},"ix":2},"nm":"path-2-path","mn":"ADBE Vector Shape - Group","hd":false},{"ty":"fl","c":{"a":0,"k":[0.972549021244,0.972549021244,0.972549021244,1],"ix":4},"o":{"a":0,"k":100,"ix":5},"r":2,"nm":"Fill 1","mn":"ADBE Vector Graphic - Fill","hd":false},{"ty":"tr","p":{"a":0,"k":[26,37.561],"ix":2},"a":{"a":0,"k":[26,37.561],"ix":1},"s":{"a":0,"k":[100,100],"ix":3},"r":{"a":0,"k":0,"ix":6},"o":{"a":0,"k":100,"ix":7},"sk":{"a":0,"k":0,"ix":4},"sa":{"a":0,"k":0,"ix":5},"nm":"Transform"}],"nm":"Group 1","np":29,"cix":2,"ix":1,"mn":"ADBE Vector Group","hd":false}],"ip":30,"op":247,"st":0,"bm":0},{"ddd":0,"ind":11,"ty":4,"nm":"Rectangle-2","sr":1,"ks":{"o":{"a":1,"k":[{"i":{"x":[0.667],"y":[1]},"o":{"x":[0.333],"y":[0]},"n":["0p667_1_0p333_0"],"t":22,"s":[0],"e":[100]},{"t":25}],"ix":11},"r":{"a":0,"k":0,"ix":10},"p":{"a":0,"k":[145,142.5,0],"ix":2},"a":{"a":0,"k":[0,0,0],"ix":1},"s":{"a":0,"k":[100,100,100],"ix":6}},"ao":0,"shapes":[{"ty":"gr","it":[{"ind":0,"ty":"sh","ix":1,"ks":{"a":1,"k":[{"i":{"x":0.833,"y":0.833},"o":{"x":0.167,"y":0.167},"n":"0p833_0p833_0p167_0p167","t":3,"s":[{"i":[[-1.624,0],[0,0],[0,0],[-0.06,-1.69],[3.598,-0.365],[-6.05,-0.632],[-0.909,9.884],[0,0]],"o":[[0,0],[0,0],[1.692,0],[0.32,9.015],[-5.971,0.606],[3.694,0.386],[0,0],[0.149,-1.616]],"v":[[-40.808,109.978],[121.82,109.978],[121.82,109.978],[124.961,113.007],[120.045,114.328],[-50.843,114.328],[-43.938,112.831],[-43.938,112.831]],"c":true}],"e":[{"i":[[-1.624,0],[0,0],[0,0],[-0.06,-1.69],[3.598,-0.365],[-6.05,-0.632],[-0.909,9.884],[0,0]],"o":[[0,0],[0,0],[1.692,0],[0.32,9.015],[-5.971,0.606],[3.694,0.386],[0,0],[0.149,-1.616]],"v":[[-40.808,97.228],[121.82,97.228],[121.82,97.228],[124.961,100.257],[120.045,114.328],[-50.843,114.328],[-43.938,100.081],[-43.938,100.081]],"c":true}]},{"t":7}],"ix":2},"nm":"Path 1","mn":"ADBE Vector Shape - Group","hd":false},{"ty":"fl","c":{"a":0,"k":[0.870588243008,0.890196084976,0.901960790157,1],"ix":4},"o":{"a":0,"k":100,"ix":5},"r":1,"nm":"Fill 1","mn":"ADBE Vector Graphic - Fill","hd":false},{"ty":"tr","p":{"a":0,"k":[37,105.864],"ix":2},"a":{"a":0,"k":[37,105.864],"ix":1},"s":{"a":0,"k":[100,100],"ix":3},"r":{"a":0,"k":0,"ix":6},"o":{"a":0,"k":100,"ix":7},"sk":{"a":0,"k":0,"ix":4},"sa":{"a":0,"k":0,"ix":5},"nm":"Transform"}],"nm":"Group 1","np":2,"cix":2,"ix":1,"mn":"ADBE Vector Group","hd":false}],"ip":0,"op":249,"st":0,"bm":0},{"ddd":0,"ind":12,"ty":4,"nm":"Oval-2-Copy","sr":1,"ks":{"o":{"a":0,"k":100,"ix":11},"r":{"a":0,"k":0,"ix":10},"p":{"a":0,"k":[145,142.5,0],"ix":2},"a":{"a":0,"k":[0,0,0],"ix":1},"s":{"a":0,"k":[100,100,100],"ix":6}},"ao":0,"shapes":[{"ty":"gr","it":[{"ind":0,"ty":"sh","ix":1,"ks":{"a":0,"k":{"i":[[-3.471,0],[0,3.469],[3.471,0],[0,-3.469]],"o":[[3.471,0],[0,-3.469],[-3.471,0],[0,3.469]],"v":[[88.857,-37.807],[95.143,-44.088],[88.857,-50.368],[82.571,-44.088]],"c":true},"ix":2},"nm":"Path 1","mn":"ADBE Vector Shape - Group","hd":false},{"ty":"fl","c":{"a":0,"k":[0.46274510026,0.509803950787,0.533333361149,1],"ix":4},"o":{"a":0,"k":100,"ix":5},"r":1,"nm":"Fill 1","mn":"ADBE Vector Graphic - Fill","hd":false},{"ty":"tr","p":{"a":0,"k":[88.857,-44.088],"ix":2},"a":{"a":0,"k":[88.857,-44.088],"ix":1},"s":{"a":0,"k":[100,100],"ix":3},"r":{"a":0,"k":0,"ix":6},"o":{"a":0,"k":100,"ix":7},"sk":{"a":0,"k":0,"ix":4},"sa":{"a":0,"k":0,"ix":5},"nm":"Transform"}],"nm":"Group 1","np":2,"cix":2,"ix":1,"mn":"ADBE Vector Group","hd":false}],"ip":21,"op":246,"st":0,"bm":0},{"ddd":0,"ind":13,"ty":4,"nm":"Oval-2","sr":1,"ks":{"o":{"a":0,"k":100,"ix":11},"r":{"a":0,"k":0,"ix":10},"p":{"a":0,"k":[145,142.5,0],"ix":2},"a":{"a":0,"k":[0,0,0],"ix":1},"s":{"a":0,"k":[100,100,100],"ix":6}},"ao":0,"shapes":[{"ty":"gr","it":[{"ind":0,"ty":"sh","ix":1,"ks":{"a":0,"k":{"i":[[-3.471,0],[0,3.469],[3.471,0],[0,-3.469]],"o":[[3.471,0],[0,-3.469],[-3.471,0],[0,3.469]],"v":[[-40,-37.807],[-33.714,-44.088],[-40,-50.368],[-46.286,-44.088]],"c":true},"ix":2},"nm":"Path 1","mn":"ADBE Vector Shape - Group","hd":false},{"ty":"fl","c":{"a":0,"k":[0.46274510026,0.509803950787,0.533333361149,1],"ix":4},"o":{"a":0,"k":100,"ix":5},"r":1,"nm":"Fill 1","mn":"ADBE Vector Graphic - Fill","hd":false},{"ty":"tr","p":{"a":0,"k":[-40,-44.088],"ix":2},"a":{"a":0,"k":[-40,-44.088],"ix":1},"s":{"a":0,"k":[100,100],"ix":3},"r":{"a":0,"k":0,"ix":6},"o":{"a":0,"k":100,"ix":7},"sk":{"a":0,"k":0,"ix":4},"sa":{"a":0,"k":0,"ix":5},"nm":"Transform"}],"nm":"Group 1","np":2,"cix":2,"ix":1,"mn":"ADBE Vector Group","hd":false}],"ip":21,"op":246,"st":0,"bm":0},{"ddd":0,"ind":14,"ty":4,"nm":"Combined-Shape","sr":1,"ks":{"o":{"a":1,"k":[{"i":{"x":[0.667],"y":[1]},"o":{"x":[0.333],"y":[0]},"n":["0p667_1_0p333_0"],"t":22,"s":[0],"e":[100]},{"i":{"x":[0.819],"y":[1]},"o":{"x":[0.329],"y":[0]},"n":["0p819_1_0p329_0"],"t":24,"s":[100],"e":[100]},{"i":{"x":[0.683],"y":[1]},"o":{"x":[0.349],"y":[0]},"n":["0p683_1_0p349_0"],"t":244,"s":[100],"e":[0]},{"t":247}],"ix":11},"r":{"a":0,"k":0,"ix":10},"p":{"a":1,"k":[{"i":{"x":0.667,"y":1},"o":{"x":0.333,"y":0},"n":"0p667_1_0p333_0","t":243,"s":[169.429,78,0],"e":[169.429,83,0],"to":[0,0.83333331346512,0],"ti":[0,-0.83333331346512,0]},{"t":247}],"ix":2},"a":{"a":0,"k":[24.429,-64.5,0],"ix":1},"s":{"a":1,"k":[{"i":{"x":[0.667,0.667,0.667],"y":[1,1,1]},"o":{"x":[0.333,0.333,0.333],"y":[0,0,0]},"n":["0p667_1_0p333_0","0p667_1_0p333_0","0p667_1_0p333_0"],"t":24,"s":[100,9,100],"e":[100,100,100]},{"t":27}],"ix":6}},"ao":0,"shapes":[{"ty":"gr","it":[{"ind":0,"ty":"sh","ix":1,"ks":{"a":0,"k":{"i":[[-0.018,0.089],[0,0],[-0.01,-0.091]],"o":[[0,0],[0.018,0.089],[0.01,-0.091]],"v":[[104.922,-26.313],[104.838,-26.313],[104.88,-26.043]],"c":true},"ix":2},"nm":"Combined-Shape-path","mn":"ADBE Vector Shape - Group","hd":false},{"ind":1,"ty":"sh","ix":2,"ks":{"a":0,"k":{"i":[[0,0],[0,-0.385],[1.655,0],[0.163,1.494],[1.545,0],[0.163,1.494],[1.545,0],[0.163,1.494],[1.545,0],[0.163,1.494],[1.545,0],[0.163,1.494],[1.545,0],[0.163,1.494],[1.545,0],[0.163,1.494],[1.545,0],[0.163,1.494],[1.545,0],[0.163,1.494],[1.545,0],[0.163,1.494],[1.545,0],[0.163,1.494],[1.545,0],[0.163,1.494],[1.545,0],[0.163,1.494],[1.545,0],[0.163,1.494],[1.545,0],[0.163,1.494],[1.545,0],[0.163,1.494],[1.545,0],[0.163,1.494],[1.545,0],[0.163,1.494],[1.545,0],[0.163,1.494],[1.545,0],[0.163,1.494],[1.545,0],[0.163,1.494],[1.545,0],[0.163,1.494],[1.545,0],[0.163,1.494],[1.545,0],[0.163,1.494],[1.545,0],[0.163,1.494],[1.545,0],[0.163,1.494],[1.545,0],[0.163,1.494],[1.545,0],[0.163,1.494],[1.545,0],[0,1.648],[-0.039,0.193],[0,0],[0,0],[-6.943,0],[0,0],[0,-6.937]],"o":[[0.133,0.338],[0,1.648],[-1.545,0],[-0.163,1.494],[-1.545,0],[-0.163,1.494],[-1.545,0],[-0.163,1.494],[-1.545,0],[-0.163,1.494],[-1.545,0],[-0.163,1.494],[-1.545,0],[-0.163,1.494],[-1.545,0],[-0.163,1.494],[-1.545,0],[-0.163,1.494],[-1.545,0],[-0.163,1.494],[-1.545,0],[-0.163,1.494],[-1.545,0],[-0.163,1.494],[-1.545,0],[-0.163,1.494],[-1.545,0],[-0.163,1.494],[-1.545,0],[-0.163,1.494],[-1.545,0],[-0.163,1.494],[-1.545,0],[-0.163,1.494],[-1.545,0],[-0.163,1.494],[-1.545,0],[-0.163,1.494],[-1.545,0],[-0.163,1.494],[-1.545,0],[-0.163,1.494],[-1.545,0],[-0.163,1.494],[-1.545,0],[-0.163,1.494],[-1.545,0],[-0.163,1.494],[-1.545,0],[-0.163,1.494],[-1.545,0],[-0.163,1.494],[-1.545,0],[-0.163,1.494],[-1.545,0],[-0.163,1.494],[-1.545,0],[-0.163,1.494],[-1.655,0],[0,-0.204],[0,0],[0,0],[0,-6.937],[0,0],[6.943,0],[0,0]],"v":[[110.65,-26.808],[110.857,-25.717],[107.86,-22.733],[104.88,-25.39],[101.9,-22.733],[98.921,-25.39],[95.941,-22.733],[92.961,-25.39],[89.982,-22.733],[87.002,-25.39],[84.022,-22.733],[81.043,-25.39],[78.063,-22.733],[75.083,-25.39],[72.104,-22.733],[69.124,-25.39],[66.144,-22.733],[63.164,-25.39],[60.185,-22.733],[57.205,-25.39],[54.225,-22.733],[51.246,-25.39],[48.266,-22.733],[45.286,-25.39],[42.307,-22.733],[39.327,-25.39],[36.347,-22.733],[33.368,-25.39],[30.388,-22.733],[27.408,-25.39],[24.429,-22.733],[21.449,-25.39],[18.469,-22.733],[15.49,-25.39],[12.51,-22.733],[9.53,-25.39],[6.55,-22.733],[3.571,-25.39],[0.591,-22.733],[-2.389,-25.39],[-5.368,-22.733],[-8.348,-25.39],[-11.328,-22.733],[-14.307,-25.39],[-17.287,-22.733],[-20.267,-25.39],[-23.246,-22.733],[-26.226,-25.39],[-29.206,-22.733],[-32.185,-25.39],[-35.165,-22.733],[-38.145,-25.39],[-41.124,-22.733],[-44.104,-25.39],[-47.084,-22.733],[-50.064,-25.39],[-53.043,-22.733],[-56.023,-25.39],[-59.003,-22.733],[-62,-25.717],[-61.94,-26.313],[-62,-26.313],[-62,-51.939],[-49.429,-64.5],[98.079,-64.5],[110.65,-51.939]],"c":true},"ix":2},"nm":"Combined-Shape-path","mn":"ADBE Vector Shape - Group","hd":false},{"ind":2,"ty":"sh","ix":3,"ks":{"a":0,"k":{"i":[[-0.018,0.089],[0,0],[-0.01,-0.091]],"o":[[0,0],[0.018,0.089],[0.01,-0.091]],"v":[[98.963,-26.313],[98.878,-26.313],[98.921,-26.043]],"c":true},"ix":2},"nm":"Combined-Shape-path","mn":"ADBE Vector Shape - Group","hd":false},{"ind":3,"ty":"sh","ix":4,"ks":{"a":0,"k":{"i":[[-0.018,0.089],[0,0],[-0.01,-0.091]],"o":[[0,0],[0.018,0.089],[0.01,-0.091]],"v":[[93.004,-26.313],[92.919,-26.313],[92.961,-26.043]],"c":true},"ix":2},"nm":"Combined-Shape-path","mn":"ADBE Vector Shape - Group","hd":false},{"ind":4,"ty":"sh","ix":5,"ks":{"a":0,"k":{"i":[[-0.018,0.089],[0,0],[-0.01,-0.091]],"o":[[0,0],[0.018,0.089],[0.01,-0.091]],"v":[[87.044,-26.313],[86.96,-26.313],[87.002,-26.043]],"c":true},"ix":2},"nm":"Combined-Shape-path","mn":"ADBE Vector Shape - Group","hd":false},{"ind":5,"ty":"sh","ix":6,"ks":{"a":0,"k":{"i":[[-0.018,0.089],[0,0],[-0.01,-0.091]],"o":[[0,0],[0.018,0.089],[0.01,-0.091]],"v":[[81.085,-26.313],[81,-26.313],[81.043,-26.043]],"c":true},"ix":2},"nm":"Combined-Shape-path","mn":"ADBE Vector Shape - Group","hd":false},{"ind":6,"ty":"sh","ix":7,"ks":{"a":0,"k":{"i":[[-0.018,0.089],[0,0],[-0.01,-0.091]],"o":[[0,0],[0.018,0.089],[0.01,-0.091]],"v":[[75.125,-26.313],[75.041,-26.313],[75.083,-26.043]],"c":true},"ix":2},"nm":"Combined-Shape-path","mn":"ADBE Vector Shape - Group","hd":false},{"ind":7,"ty":"sh","ix":8,"ks":{"a":0,"k":{"i":[[-0.018,0.089],[0,0],[-0.01,-0.091]],"o":[[0,0],[0.018,0.089],[0.01,-0.091]],"v":[[69.166,-26.313],[69.082,-26.313],[69.124,-26.043]],"c":true},"ix":2},"nm":"Combined-Shape-path","mn":"ADBE Vector Shape - Group","hd":false},{"ind":8,"ty":"sh","ix":9,"ks":{"a":0,"k":{"i":[[-0.018,0.089],[0,0],[-0.01,-0.091]],"o":[[0,0],[0.018,0.089],[0.01,-0.091]],"v":[[63.207,-26.313],[63.122,-26.313],[63.164,-26.043]],"c":true},"ix":2},"nm":"Combined-Shape-path","mn":"ADBE Vector Shape - Group","hd":false},{"ind":9,"ty":"sh","ix":10,"ks":{"a":0,"k":{"i":[[-0.018,0.089],[0,0],[-0.01,-0.091]],"o":[[0,0],[0.018,0.089],[0.01,-0.091]],"v":[[57.247,-26.313],[57.163,-26.313],[57.205,-26.043]],"c":true},"ix":2},"nm":"Combined-Shape-path","mn":"ADBE Vector Shape - Group","hd":false},{"ind":10,"ty":"sh","ix":11,"ks":{"a":0,"k":{"i":[[-0.018,0.089],[0,0],[-0.01,-0.091]],"o":[[0,0],[0.018,0.089],[0.01,-0.091]],"v":[[51.288,-26.313],[51.203,-26.313],[51.246,-26.043]],"c":true},"ix":2},"nm":"Combined-Shape-path","mn":"ADBE Vector Shape - Group","hd":false},{"ind":11,"ty":"sh","ix":12,"ks":{"a":0,"k":{"i":[[-0.018,0.089],[0,0],[-0.01,-0.091]],"o":[[0,0],[0.018,0.089],[0.01,-0.091]],"v":[[45.329,-26.313],[45.244,-26.313],[45.286,-26.043]],"c":true},"ix":2},"nm":"Combined-Shape-path","mn":"ADBE Vector Shape - Group","hd":false},{"ind":12,"ty":"sh","ix":13,"ks":{"a":0,"k":{"i":[[-0.018,0.089],[0,0],[-0.01,-0.091]],"o":[[0,0],[0.018,0.089],[0.01,-0.091]],"v":[[39.369,-26.313],[39.285,-26.313],[39.327,-26.043]],"c":true},"ix":2},"nm":"Combined-Shape-path","mn":"ADBE Vector Shape - Group","hd":false},{"ind":13,"ty":"sh","ix":14,"ks":{"a":0,"k":{"i":[[-0.018,0.089],[0,0],[-0.01,-0.091]],"o":[[0,0],[0.018,0.089],[0.01,-0.091]],"v":[[33.41,-26.313],[33.325,-26.313],[33.368,-26.043]],"c":true},"ix":2},"nm":"Combined-Shape-path","mn":"ADBE Vector Shape - Group","hd":false},{"ind":14,"ty":"sh","ix":15,"ks":{"a":0,"k":{"i":[[-0.018,0.089],[0,0],[-0.01,-0.091]],"o":[[0,0],[0.018,0.089],[0.01,-0.091]],"v":[[27.451,-26.313],[27.366,-26.313],[27.408,-26.043]],"c":true},"ix":2},"nm":"Combined-Shape-path","mn":"ADBE Vector Shape - Group","hd":false},{"ind":15,"ty":"sh","ix":16,"ks":{"a":0,"k":{"i":[[-0.018,0.089],[0,0],[-0.01,-0.091]],"o":[[0,0],[0.018,0.089],[0.01,-0.091]],"v":[[21.491,-26.313],[21.407,-26.313],[21.449,-26.043]],"c":true},"ix":2},"nm":"Combined-Shape-path","mn":"ADBE Vector Shape - Group","hd":false},{"ind":16,"ty":"sh","ix":17,"ks":{"a":0,"k":{"i":[[-0.018,0.089],[0,0],[-0.01,-0.091]],"o":[[0,0],[0.018,0.089],[0.01,-0.091]],"v":[[15.532,-26.313],[15.447,-26.313],[15.49,-26.043]],"c":true},"ix":2},"nm":"Combined-Shape-path","mn":"ADBE Vector Shape - Group","hd":false},{"ind":17,"ty":"sh","ix":18,"ks":{"a":0,"k":{"i":[[-0.018,0.089],[0,0],[-0.01,-0.091]],"o":[[0,0],[0.018,0.089],[0.01,-0.091]],"v":[[9.572,-26.313],[9.488,-26.313],[9.53,-26.043]],"c":true},"ix":2},"nm":"Combined-Shape-path","mn":"ADBE Vector Shape - Group","hd":false},{"ind":18,"ty":"sh","ix":19,"ks":{"a":0,"k":{"i":[[-0.018,0.089],[0,0],[-0.01,-0.091]],"o":[[0,0],[0.018,0.089],[0.01,-0.091]],"v":[[3.613,-26.313],[3.529,-26.313],[3.571,-26.043]],"c":true},"ix":2},"nm":"Combined-Shape-path","mn":"ADBE Vector Shape - Group","hd":false},{"ind":19,"ty":"sh","ix":20,"ks":{"a":0,"k":{"i":[[-0.018,0.089],[0,0],[-0.01,-0.091]],"o":[[0,0],[0.018,0.089],[0.01,-0.091]],"v":[[-2.346,-26.313],[-2.431,-26.313],[-2.389,-26.043]],"c":true},"ix":2},"nm":"Combined-Shape-path","mn":"ADBE Vector Shape - Group","hd":false},{"ind":20,"ty":"sh","ix":21,"ks":{"a":0,"k":{"i":[[-0.018,0.089],[0,0],[-0.01,-0.091]],"o":[[0,0],[0.018,0.089],[0.01,-0.091]],"v":[[-8.306,-26.313],[-8.39,-26.313],[-8.348,-26.043]],"c":true},"ix":2},"nm":"Combined-Shape-path","mn":"ADBE Vector Shape - Group","hd":false},{"ind":21,"ty":"sh","ix":22,"ks":{"a":0,"k":{"i":[[-0.018,0.089],[0,0],[-0.01,-0.091]],"o":[[0,0],[0.018,0.089],[0.01,-0.091]],"v":[[-14.265,-26.313],[-14.35,-26.313],[-14.307,-26.043]],"c":true},"ix":2},"nm":"Combined-Shape-path","mn":"ADBE Vector Shape - Group","hd":false},{"ind":22,"ty":"sh","ix":23,"ks":{"a":0,"k":{"i":[[-0.018,0.089],[0,0],[-0.01,-0.091]],"o":[[0,0],[0.018,0.089],[0.01,-0.091]],"v":[[-20.224,-26.313],[-20.309,-26.313],[-20.267,-26.043]],"c":true},"ix":2},"nm":"Combined-Shape-path","mn":"ADBE Vector Shape - Group","hd":false},{"ind":23,"ty":"sh","ix":24,"ks":{"a":0,"k":{"i":[[-0.018,0.089],[0,0],[-0.01,-0.091]],"o":[[0,0],[0.018,0.089],[0.01,-0.091]],"v":[[-26.184,-26.313],[-26.268,-26.313],[-26.226,-26.043]],"c":true},"ix":2},"nm":"Combined-Shape-path","mn":"ADBE Vector Shape - Group","hd":false},{"ind":24,"ty":"sh","ix":25,"ks":{"a":0,"k":{"i":[[-0.018,0.089],[0,0],[-0.01,-0.091]],"o":[[0,0],[0.018,0.089],[0.01,-0.091]],"v":[[-32.143,-26.313],[-32.228,-26.313],[-32.185,-26.043]],"c":true},"ix":2},"nm":"Combined-Shape-path","mn":"ADBE Vector Shape - Group","hd":false},{"ind":25,"ty":"sh","ix":26,"ks":{"a":0,"k":{"i":[[-0.018,0.089],[0,0],[-0.01,-0.091]],"o":[[0,0],[0.018,0.089],[0.01,-0.091]],"v":[[-38.103,-26.313],[-38.187,-26.313],[-38.145,-26.043]],"c":true},"ix":2},"nm":"Combined-Shape-path","mn":"ADBE Vector Shape - Group","hd":false},{"ind":26,"ty":"sh","ix":27,"ks":{"a":0,"k":{"i":[[-0.018,0.089],[0,0],[-0.01,-0.091]],"o":[[0,0],[0.018,0.089],[0.01,-0.091]],"v":[[-44.062,-26.313],[-44.146,-26.313],[-44.104,-26.043]],"c":true},"ix":2},"nm":"Combined-Shape-path","mn":"ADBE Vector Shape - Group","hd":false},{"ind":27,"ty":"sh","ix":28,"ks":{"a":0,"k":{"i":[[-0.018,0.089],[0,0],[-0.01,-0.091]],"o":[[0,0],[0.018,0.089],[0.01,-0.091]],"v":[[-50.021,-26.313],[-50.106,-26.313],[-50.064,-26.043]],"c":true},"ix":2},"nm":"Combined-Shape-path","mn":"ADBE Vector Shape - Group","hd":false},{"ind":28,"ty":"sh","ix":29,"ks":{"a":0,"k":{"i":[[-0.018,0.089],[0,0],[-0.01,-0.091]],"o":[[0,0],[0.018,0.089],[0.01,-0.091]],"v":[[-55.981,-26.313],[-56.065,-26.313],[-56.023,-26.043]],"c":true},"ix":2},"nm":"Combined-Shape-path","mn":"ADBE Vector Shape - Group","hd":false},{"ty":"fl","c":{"a":0,"k":[0.584313750267,0.639215707779,0.670588254929,1],"ix":4},"o":{"a":0,"k":100,"ix":5},"r":1,"nm":"Fill 1","mn":"ADBE Vector Graphic - Fill","hd":false},{"ty":"tr","p":{"a":0,"k":[24.429,-43.617],"ix":2},"a":{"a":0,"k":[24.429,-43.617],"ix":1},"s":{"a":0,"k":[100,100],"ix":3},"r":{"a":0,"k":0,"ix":6},"o":{"a":0,"k":100,"ix":7},"sk":{"a":0,"k":0,"ix":4},"sa":{"a":0,"k":0,"ix":5},"nm":"Transform"}],"nm":"Group 1","np":30,"cix":2,"ix":1,"mn":"ADBE Vector Group","hd":false}],"ip":0,"op":248,"st":0,"bm":0},{"ddd":0,"ind":15,"ty":4,"nm":"Shape","sr":1,"ks":{"o":{"a":1,"k":[{"i":{"x":[0.667],"y":[1]},"o":{"x":[0.333],"y":[0]},"n":["0p667_1_0p333_0"],"t":246,"s":[100],"e":[0]},{"t":249}],"ix":11},"r":{"a":0,"k":0,"ix":10},"p":{"a":0,"k":[169.429,256.215,0],"ix":2},"a":{"a":0,"k":[24.429,113.715,0],"ix":1},"s":{"a":1,"k":[{"i":{"x":[0.833,0.833,0.833],"y":[0.833,0.833,0.833]},"o":{"x":[0.167,0.167,0.167],"y":[0.167,0.167,0.167]},"n":["0p833_0p833_0p167_0p167","0p833_0p833_0p167_0p167","0p833_0p833_0p167_0p167"],"t":244,"s":[100,100,100],"e":[100,9.103,100]},{"t":249}],"ix":6}},"ao":0,"shapes":[{"ty":"gr","it":[{"ind":0,"ty":"sh","ix":1,"ks":{"a":0,"k":{"i":[[0,0],[0,0],[-6.509,0],[0,0],[0,6.504],[0,0]],"o":[[0,0],[0,6.504],[0,0],[6.509,0],[0,0],[0,0]],"v":[[-61.214,-38.655],[-61.214,101.939],[-49.429,113.715],[98.286,113.715],[110.071,101.939],[110.071,-38.655]],"c":true},"ix":2},"nm":"Path 1","mn":"ADBE Vector Shape - Group","hd":false},{"ty":"st","c":{"a":0,"k":[0.890196084976,0.890196084976,0.890196084976,1],"ix":3},"o":{"a":0,"k":100,"ix":4},"w":{"a":0,"k":1,"ix":5},"lc":1,"lj":1,"ml":10,"nm":"Stroke 1","mn":"ADBE Vector Graphic - Stroke","hd":false},{"ty":"tr","p":{"a":0,"k":[24.429,37.53],"ix":2},"a":{"a":0,"k":[24.429,37.53],"ix":1},"s":{"a":0,"k":[100,100],"ix":3},"r":{"a":0,"k":0,"ix":6},"o":{"a":0,"k":100,"ix":7},"sk":{"a":0,"k":0,"ix":4},"sa":{"a":0,"k":0,"ix":5},"nm":"Transform"}],"nm":"Group 1","np":2,"cix":2,"ix":1,"mn":"ADBE Vector Group","hd":false}],"ip":21,"op":250,"st":0,"bm":0},{"ddd":0,"ind":16,"ty":4,"nm":"path-1","sr":1,"ks":{"o":{"a":0,"k":100,"ix":11},"r":{"a":0,"k":0,"ix":10},"p":{"a":0,"k":[145,142.5,0],"ix":2},"a":{"a":0,"k":[0,0,0],"ix":1},"s":{"a":0,"k":[100,100,100],"ix":6}},"ao":0,"shapes":[{"ty":"gr","it":[{"ind":0,"ty":"sh","ix":1,"ks":{"a":1,"k":[{"i":{"x":0.667,"y":1},"o":{"x":0.333,"y":0},"n":"0p667_1_0p333_0","t":28,"s":[{"i":[[0,0],[0,0],[0,0],[6.943,0],[0,0],[0,0.721]],"o":[[0,0],[0,0],[0,0.721],[0,0],[-6.943,0],[0,0]],"v":[[-62,98.5],[110.857,98.5],[110.857,113.194],[98.286,114.5],[-49.429,114.5],[-62,113.194]],"c":true}],"e":[{"i":[[0,0],[0,0],[0,0],[6.943,0],[0,0],[0,6.937]],"o":[[0,0],[0,0],[0,6.937],[0,0],[-6.943,0],[0,0]],"v":[[-62,-39.44],[110.857,-39.44],[110.857,101.939],[98.286,114.5],[-49.429,114.5],[-62,101.939]],"c":true}]},{"t":35}],"ix":2},"nm":"Path 1","mn":"ADBE Vector Shape - Group","hd":false},{"ty":"fl","c":{"a":0,"k":[1,1,1,1],"ix":4},"o":{"a":0,"k":100,"ix":5},"r":2,"nm":"Fill 1","mn":"ADBE Vector Graphic - Fill","hd":false},{"ty":"tr","p":{"a":0,"k":[24.429,37.53],"ix":2},"a":{"a":0,"k":[24.429,37.53],"ix":1},"s":{"a":0,"k":[100,100],"ix":3},"r":{"a":0,"k":0,"ix":6},"o":{"a":0,"k":100,"ix":7},"sk":{"a":0,"k":0,"ix":4},"sa":{"a":0,"k":0,"ix":5},"nm":"Transform"}],"nm":"Group 1","np":2,"cix":2,"ix":1,"mn":"ADBE Vector Group","hd":false}],"ip":21,"op":251,"st":0,"bm":0},{"ddd":0,"ind":17,"ty":4,"nm":"Oval-3","sr":1,"ks":{"o":{"a":0,"k":100,"ix":11},"r":{"a":0,"k":0,"ix":10},"p":{"a":0,"k":[145,142.5,0],"ix":2},"a":{"a":0,"k":[0,0,0],"ix":1},"s":{"a":0,"k":[100,100,100],"ix":6}},"ao":0,"shapes":[{"ty":"gr","it":[{"ind":0,"ty":"sh","ix":1,"ks":{"a":0,"k":{"i":[[-80.081,0],[0,78.701],[80.081,0],[0,-78.701]],"o":[[80.081,0],[0,-78.701],[-80.081,0],[0,78.701]],"v":[[0,142.5],[145,0],[0,-142.5],[-145,0]],"c":true},"ix":2},"nm":"Path 1","mn":"ADBE Vector Shape - Group","hd":false},{"ty":"fl","c":{"a":0,"k":[0.96862745098,0.96862745098,0.96862745098,1],"ix":4},"o":{"a":0,"k":100,"ix":5},"r":1,"nm":"Fill 1","mn":"ADBE Vector Graphic - Fill","hd":false},{"ty":"tr","p":{"a":0,"k":[0,0],"ix":2},"a":{"a":0,"k":[0,0],"ix":1},"s":{"a":0,"k":[100,100],"ix":3},"r":{"a":0,"k":0,"ix":6},"o":{"a":0,"k":100,"ix":7},"sk":{"a":0,"k":0,"ix":4},"sa":{"a":0,"k":0,"ix":5},"nm":"Transform"}],"nm":"Group 1","np":2,"cix":2,"ix":1,"mn":"ADBE Vector Group","hd":false}],"ip":14,"op":258,"st":0,"bm":0},{"ddd":0,"ind":18,"ty":4,"nm":"Oval-15","sr":1,"ks":{"o":{"a":0,"k":100,"ix":11},"r":{"a":0,"k":0,"ix":10},"p":{"a":0,"k":[145,142.5,0],"ix":2},"a":{"a":0,"k":[0,0,0],"ix":1},"s":{"a":0,"k":[98.276,98.276,100],"ix":6}},"ao":0,"shapes":[{"ty":"gr","it":[{"ind":0,"ty":"sh","ix":1,"ks":{"a":0,"k":{"i":[[-80.081,0],[0,78.701],[80.081,0],[0,-78.701]],"o":[[80.081,0],[0,-78.701],[-80.081,0],[0,78.701]],"v":[[0,142.5],[145,0],[0,-142.5],[-145,0]],"c":true},"ix":2},"nm":"Path 1","mn":"ADBE Vector Shape - Group","hd":false},{"ty":"st","c":{"a":0,"k":[0.850980392157,0.850980392157,0.850980392157,1],"ix":3},"o":{"a":0,"k":100,"ix":4},"w":{"a":0,"k":1,"ix":5},"lc":1,"lj":1,"ml":4,"nm":"Stroke 1","mn":"ADBE Vector Graphic - Stroke","hd":false},{"ty":"tr","p":{"a":0,"k":[0,0],"ix":2},"a":{"a":0,"k":[0,0],"ix":1},"s":{"a":0,"k":[100,100],"ix":3},"r":{"a":0,"k":0,"ix":6},"o":{"a":0,"k":100,"ix":7},"sk":{"a":0,"k":0,"ix":4},"sa":{"a":0,"k":0,"ix":5},"nm":"Transform"}],"nm":"Group 1","np":2,"cix":2,"ix":1,"mn":"ADBE Vector Group","hd":false},{"ty":"tm","s":{"a":0,"k":0,"ix":1},"e":{"a":1,"k":[{"i":{"x":[0.83],"y":[1]},"o":{"x":[0.64],"y":[0]},"n":["0p83_1_0p64_0"],"t":0,"s":[0],"e":[100]},{"i":{"x":[0.834],"y":[1]},"o":{"x":[0.622],"y":[0]},"n":["0p834_1_0p622_0"],"t":14,"s":[100],"e":[100]},{"i":{"x":[0.669],"y":[1]},"o":{"x":[0.336],"y":[0]},"n":["0p669_1_0p336_0"],"t":259,"s":[100],"e":[0]},{"t":272}],"ix":2},"o":{"a":0,"k":0,"ix":3},"m":1,"ix":2,"nm":"Trim Paths 1","mn":"ADBE Vector Filter - Trim","hd":false}],"ip":0,"op":273,"st":0,"bm":0}],"markers":[]}