{"v":"5.7.8","fr":60,"ip":0,"op":361,"w":512,"h":512,"nm":"CONNECTING PEOPLE","ddd":0,"assets":[],"layers":[{"ddd":0,"ind":1,"ty":4,"nm":"Layer 5 Outlines","parent":4,"sr":1,"ks":{"o":{"a":0,"k":100,"ix":11},"r":{"a":0,"k":0,"ix":10},"p":{"a":1,"k":[{"i":{"x":0.833,"y":0.833},"o":{"x":0.167,"y":0.167},"t":120,"s":[43.051,0.344,0],"to":[0,0.717,0],"ti":[0,0,0]},{"i":{"x":0.833,"y":0.833},"o":{"x":0.167,"y":0.167},"t":180,"s":[43.051,4.644,0],"to":[0,0,0],"ti":[0,0,0]},{"i":{"x":0.833,"y":0.833},"o":{"x":0.167,"y":0.167},"t":240,"s":[43.051,0.344,0],"to":[0,0,0],"ti":[0,0,0]},{"i":{"x":0.833,"y":0.833},"o":{"x":0.167,"y":0.167},"t":300,"s":[43.051,4.644,0],"to":[0,0,0],"ti":[0,0.717,0]},{"t":360,"s":[43.051,0.344,0]}],"ix":2,"l":2},"a":{"a":0,"k":[28.482,65.764,0],"ix":1,"l":2},"s":{"a":0,"k":[100,100,100],"ix":6,"l":2}},"ao":0,"shapes":[{"ty":"gr","it":[{"ind":0,"ty":"sh","ix":1,"ks":{"a":0,"k":{"i":[[14.77,0],[0.762,0.055],[-0.08,1.119],[-1.119,-0.08],[-0.109,0.179],[-0.944,-0.608],[-0.152,-0.219],[-0.803,0.098],[-0.142,0.002],[0.002,-1.121],[0.976,-0.165],[0.051,-0.006],[9.232,11.542]],"o":[[-0.741,0],[-1.119,-0.081],[0.081,-1.119],[17.64,1.278],[0.608,-0.943],[0.224,0.144],[8.209,11.855],[0.139,-0.027],[1.122,0.002],[-0.002,0.99],[-0.048,0],[-1.186,0.163],[-3.827,4.842]],"v":[[-23.412,10.597],[-25.665,10.516],[-27.545,8.343],[-25.372,6.463],[3.537,-9.381],[6.345,-9.989],[6.915,-9.438],[25.173,1.47],[25.595,1.426],[27.623,3.46],[25.93,5.46],[25.78,5.486],[5.264,-4.861]],"c":true},"ix":2},"nm":"Path 1","mn":"ADBE Vector Shape - Group","hd":false},{"ty":"fl","c":{"a":0,"k":[0,0.4196078431372549,0.7137254901960784,1],"ix":4},"o":{"a":0,"k":100,"ix":5},"r":1,"bm":0,"nm":"Fill 1","mn":"ADBE Vector Graphic - Fill","hd":false},{"ty":"tr","p":{"a":0,"k":[28.517,23.94],"ix":2},"a":{"a":0,"k":[0,0],"ix":1},"s":{"a":0,"k":[100,100],"ix":3},"r":{"a":0,"k":0,"ix":6},"o":{"a":0,"k":100,"ix":7},"sk":{"a":0,"k":0,"ix":4},"sa":{"a":0,"k":0,"ix":5},"nm":"Transform"}],"nm":"Group 1","np":2,"cix":2,"bm":0,"ix":1,"mn":"ADBE Vector Group","hd":false},{"ty":"gr","it":[{"ind":0,"ty":"sh","ix":1,"ks":{"a":0,"k":{"i":[[13.312,0.314],[-0.265,-13.314],[-12.488,0],[0,14.186]],"o":[[-13.313,0.313],[0,14.186],[12.488,0],[0.265,-13.313]],"v":[[0.274,-28.138],[-23.326,-3.49],[0.274,28.694],[23.872,-3.49]],"c":true},"ix":2},"nm":"Path 1","mn":"ADBE Vector Shape - Group","hd":false},{"ind":1,"ty":"sh","ix":2,"ks":{"a":0,"k":{"i":[[14.896,0],[0,16.315],[-15.277,0.571],[-0.57,-15.277],[0.026,-0.689]],"o":[[-14.898,0],[-0.571,-15.277],[15.276,-0.571],[0.026,0.689],[0,16.315]],"v":[[0.274,32.756],[-27.389,-3.49],[-0.761,-32.185],[27.933,-5.557],[27.933,-3.49]],"c":true},"ix":2},"nm":"Path 2","mn":"ADBE Vector Shape - Group","hd":false},{"ty":"mm","mm":1,"nm":"Merge Paths 1","mn":"ADBE Vector Filter - Merge","hd":false},{"ty":"fl","c":{"a":0,"k":[0,0.4196078431372549,0.7137254901960784,1],"ix":4},"o":{"a":0,"k":100,"ix":5},"r":1,"bm":0,"nm":"Fill 1","mn":"ADBE Vector Graphic - Fill","hd":false},{"ty":"tr","p":{"a":0,"k":[28.209,33.006],"ix":2},"a":{"a":0,"k":[0,0],"ix":1},"s":{"a":0,"k":[100,100],"ix":3},"r":{"a":0,"k":0,"ix":6},"o":{"a":0,"k":100,"ix":7},"sk":{"a":0,"k":0,"ix":4},"sa":{"a":0,"k":0,"ix":5},"nm":"Transform"}],"nm":"Group 2","np":4,"cix":2,"bm":0,"ix":2,"mn":"ADBE Vector Group","hd":false},{"ty":"gr","it":[{"ind":0,"ty":"sh","ix":1,"ks":{"a":0,"k":{"i":[[-0.01,-0.09],[0,0],[0.03,-0.69],[14.9,0],[1.542,15.577],[0,0.14],[0,0.96],[-15.28,0.57],[-0.73,-15.12]],"o":[[0,0],[0.03,0.69],[0,16.32],[-13.889,0],[-0.027,-0.132],[-0.1,-0.99],[-0.57,-15.28],[15.17,-0.57],[0.01,0.09]],"v":[[27.93,-5.605],[27.93,-5.565],[27.93,-3.495],[0.27,32.755],[-27.206,-0.167],[-27.25,-0.575],[-27.39,-3.495],[-0.76,-32.185],[27.91,-5.885]],"c":true},"ix":2},"nm":"Path 1","mn":"ADBE Vector Shape - Group","hd":false},{"ty":"fl","c":{"a":0,"k":[1,1,1,1],"ix":4},"o":{"a":0,"k":100,"ix":5},"r":1,"bm":0,"nm":"Fill 1","mn":"ADBE Vector Graphic - Fill","hd":false},{"ty":"tr","p":{"a":0,"k":[28.21,33.009],"ix":2},"a":{"a":0,"k":[0,0],"ix":1},"s":{"a":0,"k":[100,100],"ix":3},"r":{"a":0,"k":0,"ix":6},"o":{"a":0,"k":100,"ix":7},"sk":{"a":0,"k":0,"ix":4},"sa":{"a":0,"k":0,"ix":5},"nm":"Transform"}],"nm":"Group 3","np":2,"cix":2,"bm":0,"ix":3,"mn":"ADBE Vector Group","hd":false}],"ip":90,"op":690,"st":90,"bm":0},{"ddd":0,"ind":2,"ty":4,"nm":"Layer 8 Outlines","parent":5,"sr":1,"ks":{"o":{"a":0,"k":100,"ix":11},"r":{"a":0,"k":0,"ix":10},"p":{"a":1,"k":[{"i":{"x":0.833,"y":0.833},"o":{"x":0.167,"y":0.167},"t":120,"s":[43.043,0.344,0],"to":[0,0.717,0],"ti":[0,0,0]},{"i":{"x":0.833,"y":0.833},"o":{"x":0.167,"y":0.167},"t":180,"s":[43.043,4.644,0],"to":[0,0,0],"ti":[0,0,0]},{"i":{"x":0.833,"y":0.833},"o":{"x":0.167,"y":0.167},"t":240,"s":[43.043,0.344,0],"to":[0,0,0],"ti":[0,0,0]},{"i":{"x":0.833,"y":0.833},"o":{"x":0.167,"y":0.167},"t":300,"s":[43.043,4.644,0],"to":[0,0,0],"ti":[0,0.717,0]},{"t":360,"s":[43.043,0.344,0]}],"ix":2,"l":2},"a":{"a":0,"k":[28.176,65.21,0],"ix":1,"l":2},"s":{"a":0,"k":[100,100,100],"ix":6,"l":2}},"ao":0,"shapes":[{"ty":"gr","it":[{"ind":0,"ty":"sh","ix":1,"ks":{"a":0,"k":{"i":[[0.735,0.001],[3.823,4.834],[1.176,0.163],[0.05,0.01],[-0.188,1.107],[-0.991,0],[-0.139,-0.027],[-8.203,11.849],[-0.922,-0.639],[-0.144,-0.223],[-17.617,1.284],[-0.095,-1.112],[1.119,-0.082]],"o":[[-14.774,0],[-9.234,11.542],[-0.051,0],[-1.106,-0.187],[0.165,-0.977],[0.142,0.002],[0.813,0.102],[0.639,-0.922],[0.219,0.151],[0.109,0.171],[1.114,-0.066],[0.081,1.119],[-0.771,0.051]],"v":[[23.487,10.588],[-5.186,-4.861],[-25.702,5.485],[-25.854,5.459],[-27.518,3.118],[-25.515,1.425],[-25.093,1.469],[-6.835,-9.438],[-4.009,-9.95],[-3.459,-9.383],[25.451,6.46],[27.624,8.339],[25.745,10.514]],"c":true},"ix":2},"nm":"Path 1","mn":"ADBE Vector Shape - Group","hd":false},{"ty":"fl","c":{"a":0,"k":[0,0.4196078431372549,0.7137254901960784,1],"ix":4},"o":{"a":0,"k":100,"ix":5},"r":1,"bm":0,"nm":"Fill 1","mn":"ADBE Vector Graphic - Fill","hd":false},{"ty":"tr","p":{"a":0,"k":[28.067,23.394],"ix":2},"a":{"a":0,"k":[0,0],"ix":1},"s":{"a":0,"k":[100,100],"ix":3},"r":{"a":0,"k":0,"ix":6},"o":{"a":0,"k":100,"ix":7},"sk":{"a":0,"k":0,"ix":4},"sa":{"a":0,"k":0,"ix":5},"nm":"Transform"}],"nm":"Group 1","np":2,"cix":2,"bm":0,"ix":1,"mn":"ADBE Vector Group","hd":false},{"ty":"gr","it":[{"ind":0,"ty":"sh","ix":1,"ks":{"a":0,"k":{"i":[[13.312,0.314],[-0.265,-13.313],[-12.486,0],[0,14.186]],"o":[[-13.312,0.314],[0,14.186],[12.486,0],[0.265,-13.313]],"v":[[0,-28.416],[-23.598,-3.768],[0,28.416],[23.598,-3.768]],"c":true},"ix":2},"nm":"Path 1","mn":"ADBE Vector Shape - Group","hd":false},{"ind":1,"ty":"sh","ix":2,"ks":{"a":0,"k":{"i":[[14.898,0],[0,16.315],[-15.556,0.315],[0.265,-15.557]],"o":[[-14.896,0],[-0.265,-15.557],[15.556,0.315],[0,16.315]],"v":[[0,32.479],[-27.66,-3.768],[0,-32.479],[27.66,-3.768]],"c":true},"ix":2},"nm":"Path 2","mn":"ADBE Vector Shape - Group","hd":false},{"ty":"mm","mm":1,"nm":"Merge Paths 1","mn":"ADBE Vector Filter - Merge","hd":false},{"ty":"fl","c":{"a":0,"k":[0,0.4196078431372549,0.7137254901960784,1],"ix":4},"o":{"a":0,"k":100,"ix":5},"r":1,"bm":0,"nm":"Fill 1","mn":"ADBE Vector Graphic - Fill","hd":false},{"ty":"tr","p":{"a":0,"k":[28.175,32.729],"ix":2},"a":{"a":0,"k":[0,0],"ix":1},"s":{"a":0,"k":[100,100],"ix":3},"r":{"a":0,"k":0,"ix":6},"o":{"a":0,"k":100,"ix":7},"sk":{"a":0,"k":0,"ix":4},"sa":{"a":0,"k":0,"ix":5},"nm":"Transform"}],"nm":"Group 2","np":4,"cix":2,"bm":0,"ix":2,"mn":"ADBE Vector Group","hd":false},{"ty":"gr","it":[{"ind":0,"ty":"sh","ix":1,"ks":{"a":0,"k":{"i":[[-0.03,0.08],[0.01,-0.32],[-0.04,0.24]],"o":[[-0.03,0.32],[-0.04,-0.23],[0.01,-0.09]],"v":[[0.05,-0.48],[-0.01,0.48],[-0.01,-0.23]],"c":true},"ix":2},"nm":"Path 1","mn":"ADBE Vector Shape - Group","hd":false},{"ty":"fl","c":{"a":0,"k":[1,1,1,1],"ix":4},"o":{"a":0,"k":100,"ix":5},"r":1,"bm":0,"nm":"Fill 1","mn":"ADBE Vector Graphic - Fill","hd":false},{"ty":"tr","p":{"a":0,"k":[0.558,26.74],"ix":2},"a":{"a":0,"k":[0,0],"ix":1},"s":{"a":0,"k":[100,100],"ix":3},"r":{"a":0,"k":0,"ix":6},"o":{"a":0,"k":100,"ix":7},"sk":{"a":0,"k":0,"ix":4},"sa":{"a":0,"k":0,"ix":5},"nm":"Transform"}],"nm":"Group 3","np":2,"cix":2,"bm":0,"ix":3,"mn":"ADBE Vector Group","hd":false},{"ty":"gr","it":[{"ind":0,"ty":"sh","ix":1,"ks":{"a":0,"k":{"i":[[0.1,-0.99],[0.027,-0.133],[13.889,0],[0,16.32],[-0.03,0.57],[0,0],[-0.03,0.32],[-14.65,0.3],[0.26,-15.55]],"o":[[0,0.14],[-1.543,15.576],[-14.9,0],[-0.01,-0.58],[0,0],[0.01,-0.32],[1.1,-14.31],[15.55,0.32],[0,0.96]],"v":[[27.395,-0.85],[27.351,-0.441],[-0.125,32.48],[-27.785,-3.77],[-27.755,-5.49],[-27.755,-5.51],[-27.695,-6.47],[-0.125,-32.48],[27.535,-3.77]],"c":true},"ix":2},"nm":"Path 1","mn":"ADBE Vector Shape - Group","hd":false},{"ty":"fl","c":{"a":0,"k":[1,1,1,1],"ix":4},"o":{"a":0,"k":100,"ix":5},"r":1,"bm":0,"nm":"Fill 1","mn":"ADBE Vector Graphic - Fill","hd":false},{"ty":"tr","p":{"a":0,"k":[28.303,32.73],"ix":2},"a":{"a":0,"k":[0,0],"ix":1},"s":{"a":0,"k":[100,100],"ix":3},"r":{"a":0,"k":0,"ix":6},"o":{"a":0,"k":100,"ix":7},"sk":{"a":0,"k":0,"ix":4},"sa":{"a":0,"k":0,"ix":5},"nm":"Transform"}],"nm":"Group 4","np":2,"cix":2,"bm":0,"ix":4,"mn":"ADBE Vector Group","hd":false}],"ip":90,"op":690,"st":90,"bm":0},{"ddd":0,"ind":3,"ty":4,"nm":"Layer 11 Outlines","parent":6,"sr":1,"ks":{"o":{"a":0,"k":100,"ix":11},"r":{"a":0,"k":0,"ix":10},"p":{"a":1,"k":[{"i":{"x":0.833,"y":0.833},"o":{"x":0.167,"y":0.167},"t":90,"s":[43.034,0.344,0],"to":[0,0.717,0],"ti":[0,0,0]},{"i":{"x":0.833,"y":0.833},"o":{"x":0.167,"y":0.167},"t":150,"s":[43.034,4.644,0],"to":[0,0,0],"ti":[0,0,0]},{"i":{"x":0.833,"y":0.833},"o":{"x":0.167,"y":0.167},"t":210,"s":[43.034,0.344,0],"to":[0,0,0],"ti":[0,0,0]},{"i":{"x":0.833,"y":0.833},"o":{"x":0.167,"y":0.167},"t":270,"s":[43.034,4.644,0],"to":[0,0,0],"ti":[0,0.717,0]},{"t":330,"s":[43.034,0.344,0]}],"ix":2,"l":2},"a":{"a":0,"k":[28.466,65.718,0],"ix":1,"l":2},"s":{"a":0,"k":[100,100,100],"ix":6,"l":2}},"ao":0,"shapes":[{"ty":"gr","it":[{"ind":0,"ty":"sh","ix":1,"ks":{"a":0,"k":{"i":[[0.737,0],[3.825,4.834],[1.174,0.163],[0.048,0.01],[-0.18,1.107],[-1,-0.006],[-0.139,-0.026],[-8.209,11.853],[-0.677,-0.005],[-0.368,-0.569],[-17.611,1.282],[-0.081,-1.119],[1.119,-0.081]],"o":[[-14.774,0],[-9.236,11.544],[-0.051,0],[-1.108,-0.18],[0.161,-0.987],[0.142,0.003],[0.793,0.096],[0.391,-0.552],[0.678,0.011],[0.109,0.171],[1.119,-0.08],[0.08,1.119],[-0.766,0.051]],"v":[[23.494,10.452],[-5.182,-4.997],[-25.698,5.35],[-25.848,5.324],[-27.527,2.993],[-25.511,1.288],[-25.089,1.332],[-6.833,-9.574],[-5.129,-10.447],[-3.455,-9.519],[25.454,6.325],[27.627,8.205],[25.747,10.378]],"c":true},"ix":2},"nm":"Path 1","mn":"ADBE Vector Shape - Group","hd":false},{"ty":"fl","c":{"a":0,"k":[0,0.4196078431372549,0.7137254901960784,1],"ix":4},"o":{"a":0,"k":100,"ix":5},"r":1,"bm":0,"nm":"Fill 1","mn":"ADBE Vector Graphic - Fill","hd":false},{"ty":"tr","p":{"a":0,"k":[28.352,24.039],"ix":2},"a":{"a":0,"k":[0,0],"ix":1},"s":{"a":0,"k":[100,100],"ix":3},"r":{"a":0,"k":0,"ix":6},"o":{"a":0,"k":100,"ix":7},"sk":{"a":0,"k":0,"ix":4},"sa":{"a":0,"k":0,"ix":5},"nm":"Transform"}],"nm":"Group 1","np":2,"cix":2,"bm":0,"ix":1,"mn":"ADBE Vector Group","hd":false},{"ty":"gr","it":[{"ind":0,"ty":"sh","ix":1,"ks":{"a":0,"k":{"i":[[13.308,0.314],[-0.26,-13.309],[-12.486,0],[0,14.186]],"o":[[-13.308,0.314],[0,14.186],[12.486,0],[0.259,-13.309]],"v":[[0.266,-28.15],[-23.333,-3.512],[0.266,28.672],[23.863,-3.512]],"c":true},"ix":2},"nm":"Path 1","mn":"ADBE Vector Shape - Group","hd":false},{"ind":1,"ty":"sh","ix":2,"ks":{"a":0,"k":{"i":[[14.896,0],[0,16.317],[-15.276,0.556],[-0.555,-15.277],[0.025,-0.671]],"o":[[-14.898,0],[-0.556,-15.277],[15.276,-0.555],[0.025,0.67],[0,16.317]],"v":[[0.266,32.734],[-27.395,-3.512],[-0.741,-32.179],[27.926,-5.524],[27.926,-3.512]],"c":true},"ix":2},"nm":"Path 2","mn":"ADBE Vector Shape - Group","hd":false},{"ty":"mm","mm":1,"nm":"Merge Paths 1","mn":"ADBE Vector Filter - Merge","hd":false},{"ty":"fl","c":{"a":0,"k":[0,0.4196078431372549,0.7137254901960784,1],"ix":4},"o":{"a":0,"k":100,"ix":5},"r":1,"bm":0,"nm":"Fill 1","mn":"ADBE Vector Graphic - Fill","hd":false},{"ty":"tr","p":{"a":0,"k":[28.2,32.984],"ix":2},"a":{"a":0,"k":[0,0],"ix":1},"s":{"a":0,"k":[100,100],"ix":3},"r":{"a":0,"k":0,"ix":6},"o":{"a":0,"k":100,"ix":7},"sk":{"a":0,"k":0,"ix":4},"sa":{"a":0,"k":0,"ix":5},"nm":"Transform"}],"nm":"Group 2","np":4,"cix":2,"bm":0,"ix":2,"mn":"ADBE Vector Group","hd":false},{"ty":"gr","it":[{"ind":0,"ty":"sh","ix":1,"ks":{"a":0,"k":{"i":[[-0.56,-15.28],[0.02,-0.67],[0.1,-0.99],[0.028,-0.133],[13.899,0],[0,16.32],[-0.03,0.65],[-0.01,0.1],[-14.5,0.53]],"o":[[0.02,0.67],[0,0.96],[0,0.14],[-1.542,15.576],[-14.9,0],[-0.02,-0.67],[0,-0.11],[0.65,-14.25],[15.28,-0.55]],"v":[[27.665,-5.52],[27.665,-3.51],[27.525,-0.59],[27.481,-0.182],[0.005,32.73],[-27.655,-3.51],[-27.655,-5.49],[-27.645,-5.81],[-1.005,-32.18]],"c":true},"ix":2},"nm":"Path 1","mn":"ADBE Vector Shape - Group","hd":false},{"ty":"fl","c":{"a":0,"k":[1,1,1,1],"ix":4},"o":{"a":0,"k":100,"ix":5},"r":1,"bm":0,"nm":"Fill 1","mn":"ADBE Vector Graphic - Fill","hd":false},{"ty":"tr","p":{"a":0,"k":[28.461,32.984],"ix":2},"a":{"a":0,"k":[0,0],"ix":1},"s":{"a":0,"k":[100,100],"ix":3},"r":{"a":0,"k":0,"ix":6},"o":{"a":0,"k":100,"ix":7},"sk":{"a":0,"k":0,"ix":4},"sa":{"a":0,"k":0,"ix":5},"nm":"Transform"}],"nm":"Group 3","np":2,"cix":2,"bm":0,"ix":3,"mn":"ADBE Vector Group","hd":false}],"ip":60,"op":660,"st":60,"bm":0},{"ddd":0,"ind":4,"ty":4,"nm":"Layer 6 Outlines","sr":1,"ks":{"o":{"a":0,"k":100,"ix":11},"r":{"a":0,"k":0,"ix":10},"p":{"a":1,"k":[{"i":{"x":0,"y":1},"o":{"x":0.333,"y":0},"t":90,"s":[345.137,350.951,0],"to":[0,-3,0],"ti":[0,3,0]},{"t":120,"s":[345.137,332.951,0]}],"ix":2,"l":2},"a":{"a":0,"k":[43.047,143.544,0],"ix":1,"l":2},"s":{"a":1,"k":[{"i":{"x":[0,0,0.667],"y":[1,1,1]},"o":{"x":[0.333,0.333,0.333],"y":[0,0,0]},"t":90,"s":[0,0,100]},{"t":120,"s":[100,100,100]}],"ix":6,"l":2}},"ao":0,"shapes":[{"ty":"gr","it":[{"ind":0,"ty":"sh","ix":1,"ks":{"a":0,"k":{"i":[[9.133,-0.009],[0,0],[0,1.122],[-1.122,0],[0,0],[-0.007,6.887],[0,0],[8.198,0.275],[0,0],[9.747,6.82],[0,0],[-0.242,-8.199],[0,0],[-6.888,-0.009],[0,0],[0,-1.122],[1.122,0],[0,0],[0.01,9.134],[0,0],[-10.441,0.279],[0,0],[-0.344,-0.244],[-8.572,6.319],[-0.422,0],[0,0],[0.24,-10.444],[0,0]],"o":[[0,0],[-1.122,0],[0,-1.122],[0,0],[6.887,-0.011],[0,0],[0.242,-8.199],[0,0],[-9.747,6.82],[0,0],[-8.198,0.276],[0,0],[0.008,6.889],[0,0],[1.122,0],[0,1.122],[0,0],[-9.133,-0.008],[0,0],[-0.239,-10.441],[0,0],[0.422,0],[8.572,6.319],[0.344,-0.244],[0,0],[10.443,0.274],[0,0],[-0.01,9.133]],"v":[[26.011,38.144],[23.665,38.144],[21.633,36.113],[23.665,34.081],[26.019,34.081],[38.493,21.601],[38.493,-18.755],[24.104,-34.081],[16.234,-34.081],[-16.231,-34.081],[-24.1,-34.081],[-38.488,-18.755],[-38.488,21.601],[-26.01,34.081],[-23.653,34.081],[-21.622,36.113],[-23.653,38.144],[-26.01,38.144],[-42.557,21.601],[-42.557,-18.755],[-24.106,-38.144],[-15.598,-38.144],[-14.42,-37.768],[14.411,-37.768],[15.589,-38.144],[24.097,-38.144],[42.555,-18.755],[42.555,21.601]],"c":true},"ix":2},"nm":"Path 1","mn":"ADBE Vector Shape - Group","hd":false},{"ty":"fl","c":{"a":0,"k":[0,0.4196078431372549,0.7137254901960784,1],"ix":4},"o":{"a":0,"k":100,"ix":5},"r":1,"bm":0,"nm":"Fill 1","mn":"ADBE Vector Graphic - Fill","hd":false},{"ty":"tr","p":{"a":0,"k":[43.049,38.394],"ix":2},"a":{"a":0,"k":[0,0],"ix":1},"s":{"a":0,"k":[100,100],"ix":3},"r":{"a":0,"k":0,"ix":6},"o":{"a":0,"k":100,"ix":7},"sk":{"a":0,"k":0,"ix":4},"sa":{"a":0,"k":0,"ix":5},"nm":"Transform"}],"nm":"Group 1","np":2,"cix":2,"bm":0,"ix":1,"mn":"ADBE Vector Group","hd":false},{"ty":"gr","it":[{"ind":0,"ty":"sh","ix":1,"ks":{"a":0,"k":{"i":[[0,0],[0.386,6.305],[0,0],[-1.121,0.068],[-0.068,-1.121],[0,0],[-4.169,-0.003],[0,0],[0,4.349],[0,0],[-1.122,0],[0,-1.122],[0,0],[6.59,-0.025]],"o":[[-6.317,-0.004],[0,0],[-0.068,-1.122],[1.122,-0.068],[0,0],[0.254,4.162],[0,0],[4.349,-0.016],[0,0],[0,-1.122],[1.122,0],[0,0],[0,6.59],[0,0]],"v":[[3.335,61.583],[-8.591,50.356],[-15.223,-59.367],[-13.315,-61.521],[-11.16,-59.613],[-4.528,50.11],[3.343,57.52],[3.363,57.52],[11.229,49.625],[11.16,1.467],[13.191,-0.565],[15.222,1.467],[15.291,49.625],[3.372,61.589]],"c":true},"ix":2},"nm":"Path 1","mn":"ADBE Vector Shape - Group","hd":false},{"ty":"fl","c":{"a":0,"k":[0,0.4196078431372549,0.7137254901960784,1],"ix":4},"o":{"a":0,"k":100,"ix":5},"r":1,"bm":0,"nm":"Fill 1","mn":"ADBE Vector Graphic - Fill","hd":false},{"ty":"tr","p":{"a":0,"k":[29.787,81.955],"ix":2},"a":{"a":0,"k":[0,0],"ix":1},"s":{"a":0,"k":[100,100],"ix":3},"r":{"a":0,"k":0,"ix":6},"o":{"a":0,"k":100,"ix":7},"sk":{"a":0,"k":0,"ix":4},"sa":{"a":0,"k":0,"ix":5},"nm":"Transform"}],"nm":"Group 2","np":2,"cix":2,"bm":0,"ix":2,"mn":"ADBE Vector Group","hd":false},{"ty":"gr","it":[{"ind":0,"ty":"sh","ix":1,"ks":{"a":0,"k":{"i":[[6.322,-0.001],[0,0],[-0.001,6.59],[0,0],[-1.122,0],[0,-1.122],[0,0],[-4.349,-0.016],[0,0],[-0.254,4.162],[0,0],[-1.122,-0.068],[0.068,-1.122],[0,0]],"o":[[0,0],[-6.59,-0.025],[0,0],[0,-1.122],[1.122,0],[0,0],[-0.002,4.348],[0,0],[4.169,-0.003],[0,0],[0.067,-1.122],[1.122,0.068],[0,0],[-0.383,6.31]],"v":[[-3.343,61.589],[-3.371,61.589],[-15.289,49.625],[-15.223,1.467],[-13.191,-0.565],[-11.159,1.467],[-11.227,49.625],[-3.363,57.52],[-3.343,57.52],[4.527,50.11],[11.161,-59.613],[13.315,-61.521],[15.223,-59.367],[8.591,50.356]],"c":true},"ix":2},"nm":"Path 1","mn":"ADBE Vector Shape - Group","hd":false},{"ty":"fl","c":{"a":0,"k":[0,0.4196078431372549,0.7137254901960784,1],"ix":4},"o":{"a":0,"k":100,"ix":5},"r":1,"bm":0,"nm":"Fill 1","mn":"ADBE Vector Graphic - Fill","hd":false},{"ty":"tr","p":{"a":0,"k":[56.319,81.949],"ix":2},"a":{"a":0,"k":[0,0],"ix":1},"s":{"a":0,"k":[100,100],"ix":3},"r":{"a":0,"k":0,"ix":6},"o":{"a":0,"k":100,"ix":7},"sk":{"a":0,"k":0,"ix":4},"sa":{"a":0,"k":0,"ix":5},"nm":"Transform"}],"nm":"Group 3","np":2,"cix":2,"bm":0,"ix":3,"mn":"ADBE Vector Group","hd":false},{"ty":"gr","it":[{"ind":0,"ty":"sh","ix":1,"ks":{"a":0,"k":{"i":[[0.24,-10.45],[0,0],[9.13,0],[0,0],[0,0],[6.32,0],[0,0],[2.14,3.18],[4.12,-0.01],[0,0],[0.38,6.3],[0,0],[0,0],[0.01,9.14],[0,0],[-10.44,0.27],[0,0],[-0.35,-0.24],[-8.57,6.32],[-0.42,0],[0,0]],"o":[[0,0],[-0.01,9.13],[0,0],[0,0],[-0.38,6.31],[0,0],[-4.12,-0.01],[-2.15,3.19],[0,0],[-6.32,0],[0,0],[0,0],[-9.13,0],[0,0],[-0.24,-10.45],[0,0],[0.42,0],[8.57,6.32],[0.34,-0.24],[0,0],[10.44,0.27]],"v":[[42.555,-52.255],[42.555,-11.905],[26.015,4.635],[25.235,4.635],[21.865,60.405],[9.935,71.635],[9.905,71.635],[0.015,66.345],[-9.885,71.645],[-9.925,71.635],[-21.845,60.415],[-25.225,4.635],[-26.005,4.635],[-42.555,-11.905],[-42.555,-52.255],[-24.105,-71.645],[-15.595,-71.645],[-14.415,-71.275],[14.415,-71.275],[15.595,-71.645],[24.105,-71.645]],"c":true},"ix":2},"nm":"Path 1","mn":"ADBE Vector Shape - Group","hd":false},{"ty":"fl","c":{"a":0,"k":[1,1,1,1],"ix":4},"o":{"a":0,"k":100,"ix":5},"r":1,"bm":0,"nm":"Fill 1","mn":"ADBE Vector Graphic - Fill","hd":false},{"ty":"tr","p":{"a":0,"k":[43.045,71.899],"ix":2},"a":{"a":0,"k":[0,0],"ix":1},"s":{"a":0,"k":[100,100],"ix":3},"r":{"a":0,"k":0,"ix":6},"o":{"a":0,"k":100,"ix":7},"sk":{"a":0,"k":0,"ix":4},"sa":{"a":0,"k":0,"ix":5},"nm":"Transform"}],"nm":"Group 4","np":2,"cix":2,"bm":0,"ix":4,"mn":"ADBE Vector Group","hd":false}],"ip":90,"op":690,"st":90,"bm":0},{"ddd":0,"ind":5,"ty":4,"nm":"Layer 9 Outlines","sr":1,"ks":{"o":{"a":0,"k":100,"ix":11},"r":{"a":0,"k":0,"ix":10},"p":{"a":1,"k":[{"i":{"x":0,"y":1},"o":{"x":0.333,"y":0},"t":90,"s":[166.182,350.951,0],"to":[0,-3,0],"ti":[0,3,0]},{"t":120,"s":[166.182,332.951,0]}],"ix":2,"l":2},"a":{"a":0,"k":[43.047,143.544,0],"ix":1,"l":2},"s":{"a":1,"k":[{"i":{"x":[0,0,0.667],"y":[1,1,1]},"o":{"x":[0.333,0.333,0.333],"y":[0,0,0]},"t":90,"s":[0,0,100]},{"t":120,"s":[100,100,100]}],"ix":6,"l":2}},"ao":0,"shapes":[{"ty":"gr","it":[{"ind":0,"ty":"sh","ix":1,"ks":{"a":0,"k":{"i":[[9.134,-0.008],[0,0],[0,1.122],[-1.122,0],[0,0],[-0.007,6.887],[0,0],[8.197,0.276],[0,0],[9.747,6.82],[0,0],[-0.242,-8.199],[0,0],[-6.889,-0.007],[0,0],[0,-1.122],[1.121,0],[0,0],[0.011,9.133],[0,0],[-10.441,0.279],[0,0],[-0.344,-0.244],[-8.572,6.319],[-0.422,0],[0,0],[0.24,-10.444],[0,0]],"o":[[0,0],[-1.122,0],[0,-1.122],[0,0],[6.887,-0.011],[0,0],[0.242,-8.198],[0,0],[-9.747,6.82],[0,0],[-8.199,0.275],[0,0],[0.008,6.89],[0,0],[1.121,0],[0,1.122],[0,0],[-9.133,-0.009],[0,0],[-0.239,-10.441],[0,0],[0.422,0],[8.572,6.319],[0.344,-0.244],[0,0],[10.443,0.275],[0,0],[-0.01,9.134]],"v":[[26.009,38.144],[23.665,38.144],[21.634,36.113],[23.665,34.081],[26.019,34.081],[38.493,21.601],[38.493,-18.755],[24.105,-34.081],[16.232,-34.081],[-16.233,-34.081],[-24.104,-34.081],[-38.493,-18.755],[-38.493,21.601],[-26.014,34.081],[-23.665,34.081],[-21.633,36.113],[-23.665,38.144],[-26.012,38.144],[-42.557,21.601],[-42.557,-18.755],[-24.105,-38.144],[-15.596,-38.144],[-14.419,-37.768],[14.414,-37.768],[15.592,-38.144],[24.1,-38.144],[42.556,-18.755],[42.556,21.601]],"c":true},"ix":2},"nm":"Path 1","mn":"ADBE Vector Shape - Group","hd":false},{"ty":"fl","c":{"a":0,"k":[0,0.4196078431372549,0.7137254901960784,1],"ix":4},"o":{"a":0,"k":100,"ix":5},"r":1,"bm":0,"nm":"Fill 1","mn":"ADBE Vector Graphic - Fill","hd":false},{"ty":"tr","p":{"a":0,"k":[43.045,38.394],"ix":2},"a":{"a":0,"k":[0,0],"ix":1},"s":{"a":0,"k":[100,100],"ix":3},"r":{"a":0,"k":0,"ix":6},"o":{"a":0,"k":100,"ix":7},"sk":{"a":0,"k":0,"ix":4},"sa":{"a":0,"k":0,"ix":5},"nm":"Transform"}],"nm":"Group 1","np":2,"cix":2,"bm":0,"ix":1,"mn":"ADBE Vector Group","hd":false},{"ty":"gr","it":[{"ind":0,"ty":"sh","ix":1,"ks":{"a":0,"k":{"i":[[6.322,-0.001],[0,0],[0,6.59],[0,0],[-1.122,0],[0,-1.122],[0,0],[-4.349,-0.016],[0,0],[-0.254,4.162],[0,0],[-1.122,-0.068],[0.068,-1.122],[0,0]],"o":[[0,0],[-6.591,-0.025],[0,0],[0,-1.122],[1.122,0],[0,0],[0,4.348],[0,0],[4.169,-0.003],[0,0],[0.068,-1.122],[1.122,0.068],[0,0],[-0.383,6.31]],"v":[[-3.343,61.589],[-3.371,61.589],[-15.291,49.625],[-15.222,1.467],[-13.191,-0.565],[-11.159,1.467],[-11.229,49.625],[-3.363,57.52],[-3.343,57.52],[4.528,50.11],[11.16,-59.613],[13.315,-61.521],[15.223,-59.367],[8.591,50.356]],"c":true},"ix":2},"nm":"Path 1","mn":"ADBE Vector Shape - Group","hd":false},{"ty":"fl","c":{"a":0,"k":[0,0.4196078431372549,0.7137254901960784,1],"ix":4},"o":{"a":0,"k":100,"ix":5},"r":1,"bm":0,"nm":"Fill 1","mn":"ADBE Vector Graphic - Fill","hd":false},{"ty":"tr","p":{"a":0,"k":[56.315,81.949],"ix":2},"a":{"a":0,"k":[0,0],"ix":1},"s":{"a":0,"k":[100,100],"ix":3},"r":{"a":0,"k":0,"ix":6},"o":{"a":0,"k":100,"ix":7},"sk":{"a":0,"k":0,"ix":4},"sa":{"a":0,"k":0,"ix":5},"nm":"Transform"}],"nm":"Group 2","np":2,"cix":2,"bm":0,"ix":2,"mn":"ADBE Vector Group","hd":false},{"ty":"gr","it":[{"ind":0,"ty":"sh","ix":1,"ks":{"a":0,"k":{"i":[[0,0],[0.385,6.304],[0,0],[-1.121,0.068],[-0.068,-1.121],[0,0],[-4.168,-0.004],[0,0],[0,4.349],[0,0],[-1.122,0],[0,-1.122],[0,0],[6.59,-0.025]],"o":[[-6.316,-0.005],[0,0],[-0.068,-1.122],[1.122,-0.068],[0,0],[0.254,4.161],[0,0],[4.349,-0.016],[0,0],[0,-1.122],[1.122,0],[0,0],[0.001,6.59],[0,0]],"v":[[3.339,61.583],[-8.586,50.356],[-15.22,-59.367],[-13.312,-61.521],[-11.157,-59.613],[-4.523,50.11],[3.347,57.52],[3.367,57.52],[11.233,49.625],[11.155,1.467],[13.187,-0.565],[15.218,1.467],[15.287,49.625],[3.369,61.589]],"c":true},"ix":2},"nm":"Path 1","mn":"ADBE Vector Shape - Group","hd":false},{"ty":"fl","c":{"a":0,"k":[0,0.4196078431372549,0.7137254901960784,1],"ix":4},"o":{"a":0,"k":100,"ix":5},"r":1,"bm":0,"nm":"Fill 1","mn":"ADBE Vector Graphic - Fill","hd":false},{"ty":"tr","p":{"a":0,"k":[29.778,81.955],"ix":2},"a":{"a":0,"k":[0,0],"ix":1},"s":{"a":0,"k":[100,100],"ix":3},"r":{"a":0,"k":0,"ix":6},"o":{"a":0,"k":100,"ix":7},"sk":{"a":0,"k":0,"ix":4},"sa":{"a":0,"k":0,"ix":5},"nm":"Transform"}],"nm":"Group 3","np":2,"cix":2,"bm":0,"ix":3,"mn":"ADBE Vector Group","hd":false},{"ty":"gr","it":[{"ind":0,"ty":"sh","ix":1,"ks":{"a":0,"k":{"i":[[0.24,-10.45],[0,0],[9.13,0],[0,0],[0,0],[6.32,0],[0,0],[2.15,3.19],[4.13,-0.01],[0,0],[0.38,6.3],[0,0],[0,0],[0.01,9.13],[0,0],[-10.45,0.27],[0,0],[-0.34,-0.24],[-8.58,6.32],[-0.42,0],[0,0]],"o":[[0,0],[-0.01,9.14],[0,0],[0,0],[-0.38,6.31],[0,0],[-4.12,-0.01],[-2.14,3.19],[0,0],[-6.31,0],[0,0],[0,0],[-9.13,0],[0,0],[-0.24,-10.45],[0,0],[0.43,0],[8.57,6.32],[0.34,-0.24],[0,0],[10.44,0.27]],"v":[[42.555,-52.255],[42.555,-11.905],[26.005,4.635],[25.225,4.635],[21.855,60.405],[9.925,71.635],[9.895,71.635],[-0.005,66.335],[-9.905,71.645],[-9.935,71.635],[-21.855,60.415],[-25.235,4.635],[-26.015,4.635],[-42.555,-11.905],[-42.555,-52.255],[-24.105,-71.645],[-15.605,-71.645],[-14.425,-71.275],[14.415,-71.275],[15.585,-71.645],[24.095,-71.645]],"c":true},"ix":2},"nm":"Path 1","mn":"ADBE Vector Shape - Group","hd":false},{"ty":"fl","c":{"a":0,"k":[1,1,1,1],"ix":4},"o":{"a":0,"k":100,"ix":5},"r":1,"bm":0,"nm":"Fill 1","mn":"ADBE Vector Graphic - Fill","hd":false},{"ty":"tr","p":{"a":0,"k":[43.049,71.899],"ix":2},"a":{"a":0,"k":[0,0],"ix":1},"s":{"a":0,"k":[100,100],"ix":3},"r":{"a":0,"k":0,"ix":6},"o":{"a":0,"k":100,"ix":7},"sk":{"a":0,"k":0,"ix":4},"sa":{"a":0,"k":0,"ix":5},"nm":"Transform"}],"nm":"Group 4","np":2,"cix":2,"bm":0,"ix":4,"mn":"ADBE Vector Group","hd":false}],"ip":90,"op":690,"st":90,"bm":0},{"ddd":0,"ind":6,"ty":4,"nm":"Layer 12 Outlines","sr":1,"ks":{"o":{"a":0,"k":100,"ix":11},"r":{"a":0,"k":0,"ix":10},"p":{"a":1,"k":[{"i":{"x":0,"y":1},"o":{"x":0.333,"y":0},"t":60,"s":[255.668,389.703,0],"to":[0,-3.333,0],"ti":[0,3.333,0]},{"t":90,"s":[255.668,369.703,0]}],"ix":2,"l":2},"a":{"a":0,"k":[43.043,143.543,0],"ix":1,"l":2},"s":{"a":1,"k":[{"i":{"x":[0,0,0.667],"y":[1,1,1]},"o":{"x":[0.333,0.333,0.333],"y":[0,0,0]},"t":60,"s":[0,0,100]},{"t":90,"s":[100,100,100]}],"ix":6,"l":2}},"ao":0,"shapes":[{"ty":"gr","it":[{"ind":0,"ty":"sh","ix":1,"ks":{"a":0,"k":{"i":[[9.133,-0.007],[0,0],[0,1.122],[-1.122,0],[0,0],[-0.006,6.889],[0,0],[8.198,0.276],[0,0],[9.746,6.823],[0,0],[-0.243,-8.199],[0,0],[-6.891,-0.003],[0,0],[0,-1.122],[1.122,0],[0,0],[0.011,9.132],[0,0],[-10.442,0.279],[0,0],[-0.345,-0.244],[-8.57,6.322],[-0.423,0],[0,0],[0.241,-10.442],[0,0]],"o":[[0,0],[-1.122,0],[0,-1.122],[0,0],[6.889,-0.006],[0,0],[0.243,-8.199],[0,0],[-9.746,6.823],[0,0],[-8.199,0.276],[0,0],[0.008,6.892],[0,0],[1.122,0],[0,1.122],[0,0],[-9.131,-0.01],[0,0],[-0.241,-10.442],[0,0],[0.423,0.001],[8.571,6.322],[0.345,-0.244],[0,0],[10.441,0.279],[0,0],[-0.01,9.134]],"v":[[26.005,38.144],[23.65,38.144],[21.618,36.113],[23.65,34.081],[26.005,34.081],[38.482,21.603],[38.482,-18.753],[24.095,-34.081],[16.225,-34.081],[-16.239,-34.081],[-24.107,-34.081],[-38.495,-18.753],[-38.495,21.603],[-26.01,34.081],[-23.655,34.081],[-21.624,36.113],[-23.655,38.144],[-26.01,38.144],[-42.551,21.603],[-42.551,-18.753],[-24.102,-38.144],[-15.594,-38.144],[-14.415,-37.768],[14.415,-37.768],[15.594,-38.144],[24.101,-38.144],[42.551,-18.753],[42.551,21.603]],"c":true},"ix":2},"nm":"Path 1","mn":"ADBE Vector Shape - Group","hd":false},{"ty":"fl","c":{"a":0,"k":[0,0.4196078431372549,0.7137254901960784,1],"ix":4},"o":{"a":0,"k":100,"ix":5},"r":1,"bm":0,"nm":"Fill 1","mn":"ADBE Vector Graphic - Fill","hd":false},{"ty":"tr","p":{"a":0,"k":[43.042,38.397],"ix":2},"a":{"a":0,"k":[0,0],"ix":1},"s":{"a":0,"k":[100,100],"ix":3},"r":{"a":0,"k":0,"ix":6},"o":{"a":0,"k":100,"ix":7},"sk":{"a":0,"k":0,"ix":4},"sa":{"a":0,"k":0,"ix":5},"nm":"Transform"}],"nm":"Group 1","np":2,"cix":2,"bm":0,"ix":1,"mn":"ADBE Vector Group","hd":false},{"ty":"gr","it":[{"ind":0,"ty":"sh","ix":1,"ks":{"a":0,"k":{"i":[[6.317,-0.005],[0,0],[0.001,6.589],[0,0],[-1.122,0],[0,-1.122],[0,0],[-4.349,-0.018],[0,0],[-0.255,4.161],[0,0],[-1.122,-0.068],[0.068,-1.122],[0,0]],"o":[[0,0],[-6.589,-0.027],[0,0],[0,-1.122],[1.122,0],[0,0],[0.001,4.348],[0,0],[4.169,-0.004],[0,0],[0.067,-1.122],[1.122,0.068],[0,0],[-0.387,6.305]],"v":[[-3.345,61.591],[-3.373,61.591],[-15.291,49.627],[-15.224,1.469],[-13.193,-0.563],[-11.161,1.469],[-11.228,49.627],[-3.363,57.522],[-3.345,57.522],[4.526,50.112],[11.161,-59.615],[13.315,-61.523],[15.223,-59.369],[8.583,50.364]],"c":true},"ix":2},"nm":"Path 1","mn":"ADBE Vector Shape - Group","hd":false},{"ty":"fl","c":{"a":0,"k":[0,0.4196078431372549,0.7137254901960784,1],"ix":4},"o":{"a":0,"k":100,"ix":5},"r":1,"bm":0,"nm":"Fill 1","mn":"ADBE Vector Graphic - Fill","hd":false},{"ty":"tr","p":{"a":0,"k":[56.308,81.952],"ix":2},"a":{"a":0,"k":[0,0],"ix":1},"s":{"a":0,"k":[100,100],"ix":3},"r":{"a":0,"k":0,"ix":6},"o":{"a":0,"k":100,"ix":7},"sk":{"a":0,"k":0,"ix":4},"sa":{"a":0,"k":0,"ix":5},"nm":"Transform"}],"nm":"Group 2","np":2,"cix":2,"bm":0,"ix":2,"mn":"ADBE Vector Group","hd":false},{"ty":"gr","it":[{"ind":0,"ty":"sh","ix":1,"ks":{"a":0,"k":{"i":[[0,0],[0.386,6.305],[0,0],[-1.121,0.068],[-0.068,-1.122],[0,0],[-4.169,-0.004],[0,0],[-0.003,4.348],[0,0],[-1.122,0],[0,-1.122],[0,0],[6.589,-0.027]],"o":[[-6.316,-0.005],[0,0],[-0.068,-1.122],[1.122,-0.068],[0,0],[0.255,4.161],[0,0],[4.348,-0.019],[0,0],[0,-1.122],[1.122,0],[0,0],[-0.001,6.589],[0,0]],"v":[[3.335,61.587],[-8.591,50.36],[-15.223,-59.365],[-13.315,-61.519],[-11.16,-59.611],[-4.528,50.114],[3.343,57.524],[3.363,57.524],[11.229,49.629],[11.16,1.471],[13.191,-0.561],[15.222,1.471],[15.291,49.623],[3.374,61.587]],"c":true},"ix":2},"nm":"Path 1","mn":"ADBE Vector Shape - Group","hd":false},{"ty":"fl","c":{"a":0,"k":[0,0.4196078431372549,0.7137254901960784,1],"ix":4},"o":{"a":0,"k":100,"ix":5},"r":1,"bm":0,"nm":"Fill 1","mn":"ADBE Vector Graphic - Fill","hd":false},{"ty":"tr","p":{"a":0,"k":[29.774,81.956],"ix":2},"a":{"a":0,"k":[0,0],"ix":1},"s":{"a":0,"k":[100,100],"ix":3},"r":{"a":0,"k":0,"ix":6},"o":{"a":0,"k":100,"ix":7},"sk":{"a":0,"k":0,"ix":4},"sa":{"a":0,"k":0,"ix":5},"nm":"Transform"}],"nm":"Group 3","np":2,"cix":2,"bm":0,"ix":3,"mn":"ADBE Vector Group","hd":false},{"ty":"gr","it":[{"ind":0,"ty":"sh","ix":1,"ks":{"a":0,"k":{"i":[[0.24,-10.44],[0,0],[9.14,-0.01],[0,0],[0,0],[6.32,0],[0,0],[2.14,3.19],[4.12,-0.01],[0,0],[0.39,6.3],[0,0],[0,0],[0.01,9.13],[0,0],[-10.44,0.28],[0,0],[-0.34,-0.25],[-8.57,6.32],[-0.42,0],[0,0]],"o":[[0,0],[-0.01,9.13],[0,0],[0,0],[-0.39,6.3],[0,0],[-4.12,-0.01],[-2.15,3.19],[0,0],[-6.31,0],[0,0],[0,0],[-9.13,-0.01],[0,0],[-0.24,-10.44],[0,0],[0.43,0],[8.57,6.32],[0.35,-0.25],[0,0],[10.44,0.28]],"v":[[42.55,-52.255],[42.55,-11.895],[26,4.645],[25.23,4.645],[21.85,60.425],[9.92,71.645],[9.89,71.645],[0,66.345],[-9.9,71.645],[-9.94,71.645],[-21.86,60.425],[-25.23,4.645],[-26.01,4.645],[-42.55,-11.895],[-42.55,-52.255],[-24.1,-71.645],[-15.6,-71.645],[-14.42,-71.265],[14.41,-71.265],[15.59,-71.645],[24.1,-71.645]],"c":true},"ix":2},"nm":"Path 1","mn":"ADBE Vector Shape - Group","hd":false},{"ty":"fl","c":{"a":0,"k":[1,1,1,1],"ix":4},"o":{"a":0,"k":100,"ix":5},"r":1,"bm":0,"nm":"Fill 1","mn":"ADBE Vector Graphic - Fill","hd":false},{"ty":"tr","p":{"a":0,"k":[43.044,71.895],"ix":2},"a":{"a":0,"k":[0,0],"ix":1},"s":{"a":0,"k":[100,100],"ix":3},"r":{"a":0,"k":0,"ix":6},"o":{"a":0,"k":100,"ix":7},"sk":{"a":0,"k":0,"ix":4},"sa":{"a":0,"k":0,"ix":5},"nm":"Transform"}],"nm":"Group 4","np":2,"cix":2,"bm":0,"ix":4,"mn":"ADBE Vector Group","hd":false}],"ip":60,"op":660,"st":60,"bm":0},{"ddd":0,"ind":10,"ty":4,"nm":"Shape Layer 3","sr":1,"ks":{"o":{"a":0,"k":100,"ix":11},"r":{"a":0,"k":0,"ix":10},"p":{"a":0,"k":[345.25,328,0],"ix":2,"l":2},"a":{"a":0,"k":[-108,141,0],"ix":1,"l":2},"s":{"a":0,"k":[100,100,100],"ix":6,"l":2}},"ao":0,"shapes":[{"ty":"gr","it":[{"d":3,"ty":"el","s":{"a":0,"k":[83.366,40.1],"ix":2},"p":{"a":0,"k":[0,0],"ix":3},"nm":"Ellipse Path 1","mn":"ADBE Vector Shape - Ellipse","hd":false},{"ty":"st","c":{"a":0,"k":[0,0.4196078431372549,0.7137254901960784,1],"ix":3},"o":{"a":0,"k":100,"ix":4},"w":{"a":0,"k":5,"ix":5},"lc":1,"lj":1,"ml":4,"bm":0,"nm":"Stroke 1","mn":"ADBE Vector Graphic - Stroke","hd":false},{"ty":"tr","p":{"a":0,"k":[-108,141],"ix":2},"a":{"a":0,"k":[0,0],"ix":1},"s":{"a":0,"k":[100,100],"ix":3},"r":{"a":0,"k":0,"ix":6},"o":{"a":0,"k":100,"ix":7},"sk":{"a":0,"k":0,"ix":4},"sa":{"a":0,"k":0,"ix":5},"nm":"Transform"}],"nm":"Ellipse 1","np":3,"cix":2,"bm":0,"ix":1,"mn":"ADBE Vector Group","hd":false},{"ty":"tm","s":{"a":0,"k":0,"ix":1},"e":{"a":1,"k":[{"i":{"x":[0.667],"y":[1]},"o":{"x":[0.333],"y":[0]},"t":60,"s":[0]},{"t":90,"s":[100]}],"ix":2},"o":{"a":0,"k":-241,"ix":3},"m":1,"ix":2,"nm":"Trim Paths 1","mn":"ADBE Vector Filter - Trim","hd":false}],"ip":60,"op":660,"st":60,"bm":0},{"ddd":0,"ind":11,"ty":4,"nm":"Shape Layer 1","sr":1,"ks":{"o":{"a":0,"k":100,"ix":11},"r":{"a":0,"k":0,"ix":10},"p":{"a":0,"k":[166,327.75,0],"ix":2,"l":2},"a":{"a":0,"k":[-108,141,0],"ix":1,"l":2},"s":{"a":0,"k":[100,100,100],"ix":6,"l":2}},"ao":0,"shapes":[{"ty":"gr","it":[{"d":1,"ty":"el","s":{"a":0,"k":[83.366,40.1],"ix":2},"p":{"a":0,"k":[0,0],"ix":3},"nm":"Ellipse Path 1","mn":"ADBE Vector Shape - Ellipse","hd":false},{"ty":"st","c":{"a":0,"k":[0,0.4196078431372549,0.7137254901960784,1],"ix":3},"o":{"a":0,"k":100,"ix":4},"w":{"a":0,"k":5,"ix":5},"lc":1,"lj":1,"ml":4,"bm":0,"nm":"Stroke 1","mn":"ADBE Vector Graphic - Stroke","hd":false},{"ty":"tr","p":{"a":0,"k":[-108,141],"ix":2},"a":{"a":0,"k":[0,0],"ix":1},"s":{"a":0,"k":[100,100],"ix":3},"r":{"a":0,"k":0,"ix":6},"o":{"a":0,"k":100,"ix":7},"sk":{"a":0,"k":0,"ix":4},"sa":{"a":0,"k":0,"ix":5},"nm":"Transform"}],"nm":"Ellipse 1","np":3,"cix":2,"bm":0,"ix":1,"mn":"ADBE Vector Group","hd":false},{"ty":"tm","s":{"a":0,"k":0,"ix":1},"e":{"a":1,"k":[{"i":{"x":[0.667],"y":[1]},"o":{"x":[0.333],"y":[0]},"t":60,"s":[0]},{"t":90,"s":[100]}],"ix":2},"o":{"a":0,"k":118,"ix":3},"m":1,"ix":2,"nm":"Trim Paths 1","mn":"ADBE Vector Filter - Trim","hd":false}],"ip":60,"op":660,"st":60,"bm":0},{"ddd":0,"ind":12,"ty":4,"nm":"Shape Layer 2","sr":1,"ks":{"o":{"a":0,"k":100,"ix":11},"r":{"a":0,"k":0,"ix":10},"p":{"a":0,"k":[253.5,369.5,0],"ix":2,"l":2},"a":{"a":0,"k":[-108,141,0],"ix":1,"l":2},"s":{"a":1,"k":[{"i":{"x":[0,0,0.667],"y":[1,1,1]},"o":{"x":[0.333,0.333,0.333],"y":[0,0,0]},"t":0,"s":[0,0,100]},{"t":30,"s":[100,100,100]}],"ix":6,"l":2}},"ao":0,"shapes":[{"ty":"gr","it":[{"d":1,"ty":"el","s":{"a":0,"k":[83.366,40.1],"ix":2},"p":{"a":0,"k":[0,0],"ix":3},"nm":"Ellipse Path 1","mn":"ADBE Vector Shape - Ellipse","hd":false},{"ty":"st","c":{"a":0,"k":[0,0.4196078431372549,0.7137254901960784,1],"ix":3},"o":{"a":0,"k":100,"ix":4},"w":{"a":0,"k":5,"ix":5},"lc":1,"lj":1,"ml":4,"bm":0,"nm":"Stroke 1","mn":"ADBE Vector Graphic - Stroke","hd":false},{"ty":"tr","p":{"a":0,"k":[-108,141],"ix":2},"a":{"a":0,"k":[0,0],"ix":1},"s":{"a":0,"k":[100,100],"ix":3},"r":{"a":0,"k":0,"ix":6},"o":{"a":0,"k":100,"ix":7},"sk":{"a":0,"k":0,"ix":4},"sa":{"a":0,"k":0,"ix":5},"nm":"Transform"}],"nm":"Ellipse 1","np":3,"cix":2,"bm":0,"ix":1,"mn":"ADBE Vector Group","hd":false}],"ip":0,"op":600,"st":0,"bm":0},{"ddd":0,"ind":13,"ty":4,"nm":"Layer 16 Outlines","sr":1,"ks":{"o":{"a":0,"k":100,"ix":11},"r":{"a":0,"k":0,"ix":10},"p":{"a":0,"k":[300.403,349.11,0],"ix":2,"l":2},"a":{"a":0,"k":[14.172,9.803,0],"ix":1,"l":2},"s":{"a":0,"k":[100,100,100],"ix":6,"l":2}},"ao":0,"hasMask":true,"masksProperties":[{"inv":false,"mode":"a","pt":{"a":1,"k":[{"i":{"x":0.833,"y":0.833},"o":{"x":0.167,"y":0.167},"t":30,"s":[{"i":[[0,0],[0,0],[0,0],[0,0]],"o":[[0,0],[0,0],[0,0],[0,0]],"v":[[-3.356,15.693],[-4.356,16.318],[0.769,23.943],[2.019,23.068]],"c":true}]},{"t":60,"s":[{"i":[[0,0],[0,0],[0,0],[0,0]],"o":[[0,0],[0,0],[0,0],[0,0]],"v":[[26.394,-3.307],[-4.356,16.318],[0.769,23.943],[31.769,4.068]],"c":true}]}],"ix":1},"o":{"a":0,"k":100,"ix":3},"x":{"a":0,"k":0,"ix":4},"nm":"Mask 1"}],"shapes":[{"ty":"gr","it":[{"ind":0,"ty":"sh","ix":1,"ks":{"a":0,"k":{"i":[[0.381,0],[0.001,1.121],[-0.593,0.372],[0,0],[-0.597,-0.951],[0.95,-0.597],[0,0]],"o":[[-1.122,0.002],[-0.001,-0.7],[0,0],[0.951,-0.597],[0.596,0.95],[0,0],[-0.322,0.204]],"v":[[-11.887,9.551],[-13.921,7.523],[-12.97,5.799],[10.524,-8.956],[13.326,-8.316],[12.686,-5.515],[-10.81,9.238]],"c":true},"ix":2},"nm":"Path 1","mn":"ADBE Vector Shape - Group","hd":false},{"ty":"fl","c":{"a":0,"k":[0,0.4196078431372549,0.7137254901960784,1],"ix":4},"o":{"a":0,"k":100,"ix":5},"r":1,"bm":0,"nm":"Fill 1","mn":"ADBE Vector Graphic - Fill","hd":false},{"ty":"tr","p":{"a":0,"k":[14.172,9.803],"ix":2},"a":{"a":0,"k":[0,0],"ix":1},"s":{"a":0,"k":[100,100],"ix":3},"r":{"a":0,"k":0,"ix":6},"o":{"a":0,"k":100,"ix":7},"sk":{"a":0,"k":0,"ix":4},"sa":{"a":0,"k":0,"ix":5},"nm":"Transform"}],"nm":"Group 1","np":2,"cix":2,"bm":0,"ix":1,"mn":"ADBE Vector Group","hd":false}],"ip":30,"op":630,"st":30,"bm":0},{"ddd":0,"ind":14,"ty":4,"nm":"Layer 3 Outlines","sr":1,"ks":{"o":{"a":0,"k":100,"ix":11},"r":{"a":0,"k":0,"ix":10},"p":{"a":0,"k":[210.914,349.118,0],"ix":2,"l":2},"a":{"a":0,"k":[14.305,9.794,0],"ix":1,"l":2},"s":{"a":0,"k":[100,100,100],"ix":6,"l":2}},"ao":0,"hasMask":true,"masksProperties":[{"inv":false,"mode":"a","pt":{"a":1,"k":[{"i":{"x":0.833,"y":0.833},"o":{"x":0.167,"y":0.167},"t":30,"s":[{"i":[[0,0],[0,0],[0,0],[0,0]],"o":[[0,0],[0,0],[0,0],[0,0]],"v":[[31.392,15.3],[25.392,23.3],[25.392,23.425],[31.017,16.175]],"c":true}]},{"t":60,"s":[{"i":[[0,0],[0,0],[0,0],[0,0]],"o":[[0,0],[0,0],[0,0],[0,0]],"v":[[2.142,-2.95],[-3.858,5.05],[25.392,23.425],[31.017,16.175]],"c":true}]}],"ix":1},"o":{"a":0,"k":100,"ix":3},"x":{"a":0,"k":0,"ix":4},"nm":"Mask 1"}],"shapes":[{"ty":"gr","it":[{"ind":0,"ty":"sh","ix":1,"ks":{"a":0,"k":{"i":[[0.7,0.001],[0.322,0.204],[0,0],[-0.605,0.945],[-0.943,-0.579],[0,0],[0.597,-0.951]],"o":[[-0.381,0],[0,0],[-0.944,-0.606],[0.597,-0.931],[0,0],[0.95,0.597],[-0.372,0.592]],"v":[[11.736,9.542],[10.658,9.23],[-12.838,-5.523],[-13.451,-8.33],[-10.678,-8.964],[12.818,5.79],[13.458,8.592]],"c":true},"ix":2},"nm":"Path 1","mn":"ADBE Vector Shape - Group","hd":false},{"ty":"fl","c":{"a":0,"k":[0,0.4196078431372549,0.7137254901960784,1],"ix":4},"o":{"a":0,"k":100,"ix":5},"r":1,"bm":0,"nm":"Fill 1","mn":"ADBE Vector Graphic - Fill","hd":false},{"ty":"tr","p":{"a":0,"k":[14.305,9.794],"ix":2},"a":{"a":0,"k":[0,0],"ix":1},"s":{"a":0,"k":[100,100],"ix":3},"r":{"a":0,"k":0,"ix":6},"o":{"a":0,"k":100,"ix":7},"sk":{"a":0,"k":0,"ix":4},"sa":{"a":0,"k":0,"ix":5},"nm":"Transform"}],"nm":"Group 1","np":2,"cix":2,"bm":0,"ix":1,"mn":"ADBE Vector Group","hd":false}],"ip":30,"op":630,"st":30,"bm":0}],"markers":[]}